symbol,token,,,,,
GODREJCP-EQ,10099,,ABBOTINDIA-EQ,17903,,ABBOTINDIA-EQ
ORICONENT-EQ,10159,,ACC-EQ,22,,ACC-EQ
UNITDSPR-EQ,10447,,APLAPOLLO-EQ,25780,,APLAPOLLO-EQ
ARVSMART-EQ,10457,,AUBANK-EQ,21238,,AUBANK-EQ
RAMRAT-EQ,10485,,ADANIENSOL-EQ,10217,,ADANIENSOL-EQ
MOM30IETF-EQ,10585,,ADANIENT-EQ,25,,ADANIENT-EQ
PONNIERODE-EQ,10661,,ADANIGREEN-EQ,3563,,ADANIGREEN-EQ
MOVALUINAV-EQ,10831,,ADANIPORTS-EQ,15083,,ADANIPORTS-EQ
NUCLEUS-EQ,10791,,ADANIPOWER-EQ,17388,,ADANIPOWER-EQ
DREAMFOLKS-EQ,10859,,ATGL-EQ,6066,,ATGL-EQ
GRMOVER-EQ,10871,,ABCAPITAL-EQ,21614,,ABCAPITAL-EQ
HDFCSILVER-EQ,10876,,ABFRL-EQ,30108,,ABFRL-EQ
TMB-EQ,10945,,ALKEM-EQ,11703,,ALKEM-EQ
BANKIETF-EQ,11037,,AMBUJACEM-EQ,1270,,AMBUJACEM-EQ
SANGINITA-EQ,11032,,APOLLOHOSP-EQ,157,,APOLLOHOSP-EQ
VARDHACRLC-EQ,11220,,APOLLOTYRE-EQ,163,,APOLLOTYRE-EQ
HDFCGROWTH-EQ,11241,,ASHOKLEY-EQ,212,,ASHOKLEY-EQ
SUVEN-EQ,11233,,ASIANPAINT-EQ,236,,ASIANPAINT-EQ
MUKANDLTD-EQ,11325,,ASTRAL-EQ,14418,,ASTRAL-EQ
PTC-EQ,11355,,AUROPHARMA-EQ,275,,AUROPHARMA-EQ
LUXIND-EQ,11301,,DMART-EQ,19913,,DMART-EQ
PVTBANIETF-EQ,11386,,AXISBANK-EQ,5900,,AXISBANK-EQ
NV20-EQ,11457,,BSE-EQ,19585,,BSE-EQ
EXCELINDUS-EQ,11471,,BAJAJ-AUTO-EQ,16669,,BAJAJ-AUTO-EQ
GLFL-EQ,1156,,BAJFINANCE-EQ,317,,BAJFINANCE-EQ
LT-EQ,11483,,BAJAJFINSV-EQ,16675,,BAJAJFINSV-EQ
KOTARISUG-EQ,11647,,BAJAJHLDNG-EQ,305,,BAJAJHLDNG-EQ
GTL-EQ,1162,,BAJAJHFL-EQ,25270,,BAJAJHFL-EQ
INDOCO-EQ,11677,,BANDHANBNK-EQ,2263,,BANDHANBNK-EQ
JBMA-EQ,11655,,BANKBARODA-EQ,4668,,BANKBARODA-EQ
ALKEM-EQ,11703,,BANKINDIA-EQ,4745,,BANKINDIA-EQ
WELCORP-EQ,11821,,MAHABANK-EQ,11377,,MAHABANK-EQ
YESBANK-EQ,11915,,BDL-EQ,2144,,BDL-EQ
MANINDS-EQ,11884,,BEL-EQ,383,,BEL-EQ
DCXINDIA-EQ,11895,,BHARATFORG-EQ,422,,BHARATFORG-EQ
GRANULES-EQ,11872,,BHEL-EQ,438,,BHEL-EQ
FCSSOFT-EQ,11999,,BPCL-EQ,526,,BPCL-EQ
MSPL-EQ,11919,,BHARTIARTL-EQ,10604,,BHARTIARTL-EQ
AURIONPRO-EQ,12022,,BHARTIHEXA-EQ,23489,,BHARTIHEXA-EQ
BASML-EQ,12034,,BIOCON-EQ,11373,,BIOCON-EQ
FIVESTAR-EQ,12032,,BOSCHLTD-EQ,2181,,BOSCHLTD-EQ
KAYNES-EQ,12092,,BRITANNIA-EQ,547,,BRITANNIA-EQ
FINIETF-EQ,12578,,CGPOWER-EQ,760,,CGPOWER-EQ
PRECAM-EQ,12603,,CANBK-EQ,10794,,CANBK-EQ
AMBUJACEM-EQ,1270,,CHOLAFIN-EQ,685,,CHOLAFIN-EQ
DJML-EQ,12749,,CIPLA-EQ,694,,CIPLA-EQ
11NSETEST-EQ,12841,,COALINDIA-EQ,20374,,COALINDIA-EQ
NPBET-EQ,12978,,COCHINSHIP-EQ,21508,,COCHINSHIP-EQ
SAFARI-EQ,13035,,COFORGE-EQ,11543,,COFORGE-EQ
TRIVENI-EQ,13081,,COLPAL-EQ,15141,,COLPAL-EQ
KERNEX-EQ,13121,,CONCOR-EQ,4749,,CONCOR-EQ
EBBETF0433-EQ,13139,,CUMMINSIND-EQ,1901,,CUMMINSIND-EQ
ENIL-EQ,13192,,DLF-EQ,14732,,DLF-EQ
COMMOIETF-EQ,13198,,DABUR-EQ,772,,DABUR-EQ
INDOTECH-EQ,13275,,DIVISLAB-EQ,10940,,DIVISLAB-EQ
NITCO-EQ,13300,,DIXON-EQ,21690,,DIXON-EQ
KEI-EQ,13310,,DRREDDY-EQ,881,,DRREDDY-EQ
SUNTV-EQ,13404,,DUMMYSIEMS-EQ,,,DUMMYSIEMS-EQ
JKLAKSHMI-EQ,13491,,EICHERMOT-EQ,910,,EICHERMOT-EQ
AKASH-EQ,13510,,ESCORTS-EQ,958,,ESCORTS-EQ
ALICON-EQ,13656,,ETERNAL-EQ,5097,,ETERNAL-EQ
DONEAR-EQ,13839,,EXIDEIND-EQ,676,,EXIDEIND-EQ
MANALIPETC-EQ,13796,,NYKAA-EQ,6545,,NYKAA-EQ
JINDRILL-EQ,13875,,FEDERALBNK-EQ,1023,,FEDERALBNK-EQ
BANCOINDIA-EQ,13880,,GAIL-EQ,4717,,GAIL-EQ
PARACABLES-EQ,13951,,GMRAIRPORT-EQ,13528,,GMRAIRPORT-EQ
HUBTOWN-EQ,14203,,GLENMARK-EQ,7406,,GLENMARK-EQ
PGIL-EQ,14260,,GODREJCP-EQ,10099,,GODREJCP-EQ
FSL-EQ,14304,,GODREJPROP-EQ,17875,,GODREJPROP-EQ
ORIENTALTL-EQ,14346,,GRASIM-EQ,1232,,GRASIM-EQ
DIVGIITTS-EQ,14479,,HCLTECH-EQ,7229,,HCLTECH-EQ
PSUBNKIETF-EQ,14584,,HDFCAMC-EQ,4244,,HDFCAMC-EQ
041NSETEST-EQ,14755,,HDFCBANK-EQ,1333,,HDFCBANK-EQ
051NSETEST-EQ,14758,,HDFCLIFE-EQ,467,,HDFCLIFE-EQ
LOWVOL-EQ,14786,,HAVELLS-EQ,9819,,HAVELLS-EQ
121NSETEST-EQ,14777,,HEROMOTOCO-EQ,1348,,HEROMOTOCO-EQ
NELCAST-EQ,14761,,HINDALCO-EQ,1363,,HINDALCO-EQ
IFBAGRO-EQ,1482,,HAL-EQ,2303,,HAL-EQ
RBA-EQ,1494,,HINDPETRO-EQ,1406,,HINDPETRO-EQ
NAGREEKCAP-EQ,14942,,HINDUNILVR-EQ,1394,,HINDUNILVR-EQ
SHIVAMILLS-EQ,1497,,HINDZINC-EQ,1424,,HINDZINC-EQ
SILVERETF-EQ,15085,,HUDCO-EQ,20825,,HUDCO-EQ
EDELWEISS-EQ,15119,,HYUNDAI-EQ,25844,,HYUNDAI-EQ
ADANIPORTS-EQ,15083,,ICICIBANK-EQ,4963,,ICICIBANK-EQ
PPAP-EQ,15209,,ICICIGI-EQ,21770,,ICICIGI-EQ
CEATLTD-EQ,15254,,ICICIPRULI-EQ,18652,,ICICIPRULI-EQ
NMDC-EQ,15332,,IDFCFIRSTB-EQ,11184,,IDFCFIRSTB-EQ
RECLTD-EQ,15355,,IRB-EQ,15313,,IRB-EQ
VGUARD-EQ,15362,,ITC-EQ,1660,,ITC-EQ
RACE-EQ,15391,,INDIANB-EQ,14309,,INDIANB-EQ
ATAM-EQ,15404,,INDHOTEL-EQ,1512,,INDHOTEL-EQ
HCG-EQ,15555,,IOC-EQ,1624,,IOC-EQ
TARC-EQ,1581,,IRCTC-EQ,13611,,IRCTC-EQ
ITC-EQ,1660,,IRFC-EQ,2029,,IRFC-EQ
BAJAJ-AUTO-EQ,16669,,IREDA-EQ,20261,,IREDA-EQ
HGINFRA-EQ,1672,,IGL-EQ,11262,,IGL-EQ
ARCHIDPLY-EQ,16795,,INDUSTOWER-EQ,29135,,INDUSTOWER-EQ
ALKALI-EQ,16959,,INDUSINDBK-EQ,5258,,INDUSINDBK-EQ
ITETFADD-EQ,17207,,NAUKRI-EQ,13751,,NAUKRI-EQ
BLS-EQ,17279,,INFY-EQ,1594,,INFY-EQ
EXCEL-EQ,17376,,INDIGO-EQ,11195,,INDIGO-EQ
SETF10GILT-EQ,17395,,JSWENERGY-EQ,17869,,JSWENERGY-EQ
GLOBUSSPR-EQ,17424,,JSWSTEEL-EQ,11723,,JSWSTEEL-EQ
INCREDIBLE-EQ,17507,,JINDALSTEL-EQ,6733,,JINDALSTEL-EQ
LIQUID-EQ,17572,,JIOFIN-EQ,18143,,JIOFIN-EQ
AMRUTANJAN-EQ,17547,,JUBLFOOD-EQ,18096,,JUBLFOOD-EQ
JINDALPOLY-EQ,1756,,KPITTECH-EQ,9683,,KPITTECH-EQ
SUNTECK-EQ,17641,,KALYANKJIL-EQ,2955,,KALYANKJIL-EQ
UNIVPHOTO-EQ,17659,,KOTAKBANK-EQ,1922,,KOTAKBANK-EQ
LTGILTBEES-EQ,17700,,LTF-EQ,24948,,LTF-EQ
YATHARTH-EQ,17738,,LICHSGFIN-EQ,1997,,LICHSGFIN-EQ
ATL-EQ,17778,,LTIM-EQ,17818,,LTIM-EQ
SOMICONVEY-EQ,17794,,LT-EQ,11483,,LT-EQ
TREL-EQ,17795,,LICI-EQ,9480,,LICI-EQ
KANPRPLA-EQ,1782,,LUPIN-EQ,10440,,LUPIN-EQ
BAYERCROP-EQ,17927,,MRF-EQ,2277,,MRF-EQ
KAKATCEM-EQ,1811,,LODHA-EQ,3220,,LODHA-EQ
ARENTERP-EQ,181,,M&MFIN-EQ,,,M&MFIN-EQ
VASCONEQ-EQ,18110,,M&M-EQ,,,M&M-EQ
TCPLPACK-EQ,184,,MANKIND-EQ,15380,,MANKIND-EQ
ZAGGLE-EQ,18608,,MARICO-EQ,4067,,MARICO-EQ
HPL-EQ,18679,,MARUTI-EQ,10999,,MARUTI-EQ
SUNDARAM-EQ,18931,,MFSL-EQ,2142,,MFSL-EQ
SCHAEFFLER-EQ,1011,,MAXHEALTH-EQ,22377,,MAXHEALTH-EQ
SHAREINDIA-EQ,104,,MAZDOCK-EQ,509,,MAZDOCK-EQ
FINPIPE-EQ,1041,,MOTILALOFS-EQ,14947,,MOTILALOFS-EQ
CONS-EQ,10512,,MPHASIS-EQ,4503,,MPHASIS-EQ
MARKSANS-EQ,10579,,MUTHOOTFIN-EQ,23650,,MUTHOOTFIN-EQ
RAMAPHO-EQ,10568,,NHPC-EQ,17400,,NHPC-EQ
NIFTYQLITY-EQ,10690,,NMDC-EQ,15332,,NMDC-EQ
INDIAMART-EQ,10726,,NTPCGREEN-EQ,27176,,NTPCGREEN-EQ
SYRMA-EQ,10793,,NTPC-EQ,11630,,NTPC-EQ
MARUTI-EQ,10999,,NATIONALUM-EQ,6364,,NATIONALUM-EQ
GARFIBRES-EQ,1100,,NESTLEIND-EQ,17963,,NESTLEIND-EQ
NATHBIOGEN-EQ,11065,,OBEROIRLTY-EQ,20242,,OBEROIRLTY-EQ
WELSPUNLIV-EQ,11253,,ONGC-EQ,2475,,ONGC-EQ
XPROINDIA-EQ,11407,,OIL-EQ,17438,,OIL-EQ
MAHABANK-EQ,11377,,OLAELEC-EQ,24777,,OLAELEC-EQ
AFFLE-EQ,11343,,PAYTM-EQ,6705,,PAYTM-EQ
GINNIFILA-EQ,1142,,OFSS-EQ,10738,,OFSS-EQ
FORCEMOT-EQ,11573,,POLICYBZR-EQ,6656,,POLICYBZR-EQ
ULTRACEMCO-EQ,11532,,PIIND-EQ,24184,,PIIND-EQ
CCL-EQ,11452,,PAGEIND-EQ,14413,,PAGEIND-EQ
LALPATHLAB-EQ,11654,,PATANJALI-EQ,17029,,PATANJALI-EQ
GUFICBIO-EQ,11606,,PERSISTENT-EQ,18365,,PERSISTENT-EQ
JSWSTEEL-EQ,11723,,PETRONET-EQ,11351,,PETRONET-EQ
AMBER-EQ,1185,,PHOENIXLTD-EQ,14552,,PHOENIXLTD-EQ
JKPAPER-EQ,11860,,PIDILITIND-EQ,2664,,PIDILITIND-EQ
SURYALAXMI-EQ,11852,,POLYCAB-EQ,9590,,POLYCAB-EQ
HTMEDIA-EQ,11979,,PFC-EQ,14299,,PFC-EQ
NECLIFE-EQ,11927,,POWERGRID-EQ,14977,,POWERGRID-EQ
FAZE3Q-EQ,12000,,PREMIERENE-EQ,25049,,PREMIERENE-EQ
ZIMLAB-EQ,12384,,PRESTIGE-EQ,20302,,PRESTIGE-EQ
GSFC-EQ,1247,,PNB-EQ,10666,,PNB-EQ
GUJALKALI-EQ,1267,,RECLTD-EQ,15355,,RECLTD-EQ
AIAENG-EQ,13086,,RVNL-EQ,9552,,RVNL-EQ
VIMTALABS-EQ,13101,,RELIANCE-EQ,2885,,RELIANCE-EQ
GSEC10IETF-EQ,13143,,SBICARD-EQ,17971,,SBICARD-EQ
GSPL-EQ,13197,,SBILIFE-EQ,21808,,SBILIFE-EQ
KEC-EQ,13260,,SJVN-EQ,18883,,SJVN-EQ
SULA-EQ,13218,,SRF-EQ,3273,,SRF-EQ
GALLANTT-EQ,13337,,MOTHERSON-EQ,4204,,MOTHERSON-EQ
RSYSTEMS-EQ,13414,,SHREECEM-EQ,3103,,SHREECEM-EQ
GPIL-EQ,13409,,SHRIRAMFIN-EQ,4306,,SHRIRAMFIN-EQ
ALLCARGO-EQ,13501,,SIEMENS-EQ,3150,,SIEMENS-EQ
EMAMILTD-EQ,13517,,SOLARINDS-EQ,13332,,SOLARINDS-EQ
SAH-EQ,13689,,SONACOMS-EQ,4684,,SONACOMS-EQ
FLUOROCHEM-EQ,13750,,SBIN-EQ,3045,,SBIN-EQ
KUANTUM-EQ,13870,,SAIL-EQ,2963,,SAIL-EQ
MMFL-EQ,13844,,SUNPHARMA-EQ,3351,,SUNPHARMA-EQ
BTML-EQ,14150,,SUPREMEIND-EQ,3363,,SUPREMEIND-EQ
WANBURY-EQ,14063,,SUZLON-EQ,12018,,SUZLON-EQ
JKTYRE-EQ,14435,,SWIGGY-EQ,27066,,SWIGGY-EQ
THEMISMED-EQ,14485,,TVSMOTOR-EQ,8479,,TVSMOTOR-EQ
NAHARSPING-EQ,14440,,TATACOMM-EQ,3721,,TATACOMM-EQ
NCLIND-EQ,14490,,TCS-EQ,11536,,TCS-EQ
SRHHYPOLTD-EQ,14582,,TATACONSUM-EQ,3432,,TATACONSUM-EQ
HILTON-EQ,14627,,TATAELXSI-EQ,3411,,TATAELXSI-EQ
GUJAPOLLO-EQ,14677,,TATAMOTORS-EQ,3456,,TATAMOTORS-EQ
KMSUGAR-EQ,14667,,TATAPOWER-EQ,3426,,TATAPOWER-EQ
NAGREEKEXP-EQ,14702,,TATASTEEL-EQ,3499,,TATASTEEL-EQ
USK-EQ,14871,,TATATECH-EQ,20293,,TATATECH-EQ
KDDL-EQ,14908,,TECHM-EQ,13538,,TECHM-EQ
CSBBANK-EQ,14966,,TITAN-EQ,3506,,TITAN-EQ
DELTACORP-EQ,15044,,TORNTPHARM-EQ,3518,,TORNTPHARM-EQ
AVALON-EQ,15058,,TORNTPOWER-EQ,13786,,TORNTPOWER-EQ
BRIGADE-EQ,15184,,TRENT-EQ,1964,,TRENT-EQ
KIRLPNU-EQ,15180,,TIINDIA-EQ,312,,TIINDIA-EQ
ARIES-EQ,15204,,UPL-EQ,11287,,UPL-EQ
AMBIKCO-EQ,15234,,ULTRACEMCO-EQ,11532,,ULTRACEMCO-EQ
INDIAGLYCO-EQ,1521,,UNIONBANK-EQ,10753,,UNIONBANK-EQ
RPOWER-EQ,15259,,UNITDSPR-EQ,10447,,UNITDSPR-EQ
QGOLDHALF-EQ,15330,,VBL-EQ,18921,,VBL-EQ
APCOTEXIND-EQ,154,,VEDL-EQ,3063,,VEDL-EQ
HINDWAREAP-EQ,15883,,VMM-EQ,27969,,VMM-EQ
BECTORFOOD-EQ,1628,,IDEA-EQ,14366,,IDEA-EQ
LINDEINDIA-EQ,1627,,VOLTAS-EQ,3718,,VOLTAS-EQ
IPCALAB-EQ,1633,,WAAREEENER-EQ,25907,,WAAREEENER-EQ
PTCIL-EQ,16682,,WIPRO-EQ,3787,,WIPRO-EQ
UBL-EQ,16713,,YESBANK-EQ,11915,,YESBANK-EQ
DPWIRES-EQ,16900,,ZYDUSLIFE-EQ,7929,,ZYDUSLIFE-EQ
JOCIL-EQ,16927,,,,,
THYROCARE-EQ,17032,,,,,
LLOYDSME-EQ,17313,,,,,
OIL-EQ,17438,,,,,
VIJIFIN-EQ,17691,,,,,
GROBTEA-EQ,17770,,,,,
ABBOTINDIA-EQ,17903,,,,,
MMTC-EQ,17957,,,,,
WHIRLPOOL-EQ,18011,,,,,
JYOTISTRUC-EQ,1802,,,,,
JIOFIN-EQ,18143,,,,,
LGBBROSLTD-EQ,18321,,,,,
KANORICHEM-EQ,1835,,,,,
RBLBANK-EQ,18391,,,,,
MARATHON-EQ,18659,,,,,
PNBHOUSING-EQ,18908,,,,,
RAJRATAN-EQ,18962,,,,,
MVGJL-EQ,19015,,,,,
BAJAJCON-EQ,19531,,,,,
MAXESTATES-EQ,19646,,,,,
RADIOCITY-EQ,19877,,,,,
MUFIN-EQ,19783,,,,,
EMAMIPAP-EQ,10074,,,,,
FEDERALBNK-EQ,1023,,,,,
PKTEA-EQ,10321,,,,,
UTISENSETF-EQ,10515,,,,,
HDFCNIF100-EQ,10633,,,,,
TCI-EQ,10580,,,,,
KRBL-EQ,10577,,,,,
MOMENTUM-EQ,10693,,,,,
LIQUIDBEES-EQ,11006,,,,,
KSOLVES-EQ,11060,,,,,
TVTODAY-EQ,11275,,,,,
IGL-EQ,11262,,,,,
PETRONET-EQ,11351,,,,,
KRIDHANINF-EQ,11480,,,,,
WELENT-EQ,11626,,,,,
NTPC-EQ,11630,,,,,
NEWGEN-EQ,1164,,,,,
SUPRAJIT-EQ,11689,,,,,
JPPOWER-EQ,11763,,,,,
JINDALPHOT-EQ,11743,,,,,
CONSOFINVT-EQ,11731,,,,,
GLAND-EQ,1186,,,,,
RML-EQ,11975,,,,,
PRAXIS-EQ,1204,,,,,
HNDFDS-EQ,12173,,,,,
OCCL-EQ,12231,,,,,
HYBRIDFIN-EQ,12809,,,,,
G1NSETEST-EQ,12842,,,,,
HARRMALAYA-EQ,1313,,,,,
GALAXYSURF-EQ,1315,,,,,
BLKASHYAP-EQ,13290,,,,,
LANDMARK-EQ,13276,,,,,
KFINTECH-EQ,13359,,,,,
SELAN-EQ,13598,,,,,
PIONEEREMB-EQ,13463,,,,,
DCBBANK-EQ,13725,,,,,
NRL-EQ,13675,,,,,
ACLGATI-EQ,13688,,,,,
NAUKRI-EQ,13751,,,,,
BAIDFIN-EQ,13794,,,,,
VEEDOL-EQ,14019,,,,,
AUTOIND-EQ,14106,,,,,
IGPL-EQ,14086,,,,,
HDFCBSE500-EQ,14230,,,,,
HINDZINC-EQ,1424,,,,,
GOLDETF-EQ,14286,,,,,
IDEA-EQ,14366,,,,,
AMDIND-EQ,14398,,,,,
LEXUS-EQ,14459,,,,,
BANSWRAS-EQ,14511,,,,,
GOLDSHARE-EQ,14535,,,,,
ZENITHSTL-EQ,14562,,,,,
TGBHOTELS-EQ,14607,,,,,
FORTIS-EQ,14592,,,,,
021NSETEST-EQ,14751,,,,,
IDBI-EQ,1476,,,,,
SPARC-EQ,14788,,,,,
DECCANCE-EQ,14838,,,,,
IFBIND-EQ,1485,,,,,
MOTILALOFS-EQ,14947,,,,,
PURVA-EQ,14922,,,,,
KPRMILL-EQ,14912,,,,,
POWERGRID-EQ,14977,,,,,
RELIGARE-EQ,15068,,,,,
ASTERDM-EQ,1508,,,,,
HITECHCORP-EQ,15161,,,,,
HERCULES-EQ,15288,,,,,
GSS-EQ,15347,,,,,
ACL-EQ,15420,,,,,
GILLETTE-EQ,1576,,,,,
TATAINVEST-EQ,1621,,,,,
APOLLOTYRE-EQ,163,,,,,
KIRIINDUS-EQ,16639,,,,,
GOKUL-EQ,16705,,,,,
ITI-EQ,1675,,,,,
ARTEMISMED-EQ,16913,,,,,
VINYLINDIA-EQ,16821,,,,,
ASHOKAMET-EQ,16943,,,,,
COUNCODOS-EQ,16986,,,,,
GATECHDVR-EQ,17,,,,,
CROMPTON-EQ,17094,,,,,
JBCHEPHARM-EQ,1726,,,,,
ALBERTDAVD-EQ,17256,,,,,
NHPC-EQ,17400,,,,,
NV20IETF-EQ,17475,,,,,
CONTROLPR-EQ,17477,,,,,
DAMODARIND-EQ,17541,,,,,
EXPLEOSOL-EQ,17486,,,,,
PVTBANKADD-EQ,17576,,,,,
GPTINFRA-EQ,17685,,,,,
ZYDUSWELL-EQ,17635,,,,,
ALOKINDS-EQ,17675,,,,,
MIDSELIETF-EQ,17702,,,,,
NIITMTS-EQ,17747,,,,,
LTIM-EQ,17818,,,,,
SBFC-EQ,18026,,,,,
JUBLFOOD-EQ,18096,,,,,
HATHWAY-EQ,18154,,,,,
HDFCLIQUID-EQ,18279,,,,,
RATNAVEER-EQ,18423,,,,,
RISHABH-EQ,18417,,,,,
RRKABEL-EQ,18566,,,,,
YATRA-EQ,18760,,,,,
KSL-EQ,18889,,,,,
STYRENIX-EQ,19,,,,,
CUMMINSIND-EQ,1901,,,,,
NBIFIN-EQ,19111,,,,,
KIRLOSIND-EQ,19025,,,,,
HMVL-EQ,19211,,,,,
LIQUIDETF-EQ,1927,,,,,
BHANDARI-EQ,19556,,,,,
PRAKASHSTL-EQ,19599,,,,,
PRICOLLTD-EQ,19631,,,,,
AMNPLST-EQ,19867,,,,,
DEEPAKNTR-EQ,19943,,,,,
LICHSGFIN-EQ,1997,,,,,
TATATECH-EQ,20293,,,,,
HOMEFIRST-EQ,2056,,,,,
SCHAND-EQ,20698,,,,,
HAPPYFORGE-EQ,20854,,,,,
MAHSCOOTER-EQ,2085,,,,,
TEJASNET-EQ,21131,,,,,
TATSILV-EQ,21428,,,,,
PALASHSECU-EQ,21383,,,,,
APEX-EQ,21623,,,,,
SMSLIFE-EQ,21551,,,,,
HINDMOTORS-EQ,21676,,,,,
DIAMONDYD-EQ,21840,,,,,
BOSCHLTD-EQ,2181,,,,,
MEDIASSIST-EQ,21705,,,,,
GENCON-EQ,2188,,,,,
INDTERRAIN-EQ,21957,,,,,
ACC-EQ,22,,,,,
ENTERO-EQ,22717,,,,,
IRISDOREME-EQ,2275,,,,,
GPTHEALTH-EQ,22846,,,,,
RKSWAMY-EQ,23043,,,,,
SRM-EQ,23402,,,,,
AIIL-EQ,23553,,,,,
TBOTEK-EQ,23740,,,,,
NELCO-EQ,2388,,,,,
SANDHAR-EQ,2397,,,,,
NILKAMAL-EQ,2421,,,,,
RELAXO-EQ,24225,,,,,
EMCURE-EQ,24398,,,,,
MIDHANI-EQ,2463,,,,,
OILCOUNTUB-EQ,2472,,,,,
ORIENTTECH-EQ,24961,,,,,
ADANIENT-EQ,25,,,,,
BROOKS-EQ,25136,,,,,
DSSL-EQ,25690,,,,,
VAL30IETF-EQ,25851,,,,,
GROWWGOLD-EQ,25872,,,,,
LLOYDSENT-EQ,25807,,,,,
WAAREEENER-EQ,25907,,,,,
DBEIL-EQ,25892,,,,,
AFCONS-EQ,25977,,,,,
MTARTECH-EQ,2709,,,,,
KMEW-EQ,27084,,,,,
EGOLD-EQ,19933,,,,,
LUMAXIND-EQ,2018,,,,,
COALINDIA-EQ,20374,,,,,
IOLCP-EQ,20413,,,,,
CHENNPETRO-EQ,2049,,,,,
ASHIMASYN-EQ,206,,,,,
BHAGYANGR-EQ,20776,,,,,
MOIL-EQ,20830,,,,,
CDSL-EQ,21174,,,,,
LIQUIDCASE-EQ,21750,,,,,
SBILIFE-EQ,21808,,,,,
CAPACITE-EQ,21749,,,,,
MCL-EQ,22360,,,,,
MAXHEALTH-EQ,22377,,,,,
MOREPENLAB-EQ,2259,,,,,
LANCORHOL-EQ,23027,,,,,
JGCHEM-EQ,23056,,,,,
LIQUIDADD-EQ,23407,,,,,
SYMPHONY-EQ,24190,,,,,
VSTTILLERS-EQ,24292,,,,,
VRAJ-EQ,24321,,,,,
ASHIANA-EQ,24403,,,,,
KARMAENG-EQ,24385,,,,,
AVANTEL-EQ,24610,,,,,
FIRSTCRY-EQ,24814,,,,,
INVENTURE-EQ,24870,,,,,
LTF-EQ,24948,,,,,
RAYMONDLSL-EQ,25073,,,,,
BCLIND-EQ,2513,,,,,
OSWALAGRO-EQ,2514,,,,,
EBANKNIFTY-EQ,25258,,,,,
EUREKAFORB-EQ,25162,,,,,
KROSS-EQ,25252,,,,,
PGEL-EQ,25358,,,,,
WCIL-EQ,25403,,,,,
ESSARSHPNG-EQ,25634,,,,,
SRD-EQ,25737,,,,,
POLYMED-EQ,25718,,,,,
VINCOFE-EQ,25835,,,,,
LEMONTREE-EQ,2606,,,,,
PFIZER-EQ,2643,,,,,
SFL-EQ,19184,,,,,
TCIEXP-EQ,19223,,,,,
MOM50-EQ,19289,,,,,
SECMARK-EQ,19496,,,,,
UGARSUGAR-EQ,19578,,,,,
TASTYBITE-EQ,20092,,,,,
GREENPOWER-EQ,20110,,,,,
CANTABIL-EQ,20160,,,,,
ASHOKA-EQ,20182,,,,,
AKSHARCHEM-EQ,20178,,,,,
WABAG-EQ,20188,,,,,
ESILVER-EQ,20257,,,,,
JWL-EQ,20224,,,,,
IREDA-EQ,20261,,,,,
GANDHAR-EQ,20303,,,,,
WIPL-EQ,20481,,,,,
JINDWORLD-EQ,20642,,,,,
MUFTI-EQ,20878,,,,,
AZAD-EQ,20905,,,,,
KIRLOSENG-EQ,20936,,,,,
RKDL-EQ,20950,,,,,
KICL-EQ,21119,,,,,
ABCAPITAL-EQ,21614,,,,,
LASA-EQ,21713,,,,,
DAVANGERE-EQ,21794,,,,,
MODTHREAD-EQ,2241,,,,,
HDFCNIFBAN-EQ,22433,,,,,
UTIBANKETF-EQ,22440,,,,,
PARKHOTELS-EQ,22649,,,,,
HLEGLAS-EQ,2289,,,,,
EXICOM-EQ,22947,,,,,
CPSEETF-EQ,2328,,,,,
ASIANPAINT-EQ,236,,,,,
JNKINDIA-EQ,23621,,,,,
BSLGOLDETF-EQ,23804,,,,,
MID150CASE-EQ,24077,,,,,
PEL-EQ,2412,,,,,
PIIND-EQ,24184,,,,,
STANLEY-EQ,24226,,,,,
LIQUIDSHRI-EQ,24374,,,,,
EVINDIA-EQ,24461,,,,,
RPEL-EQ,24735,,,,,
MANCREDIT-EQ,24823,,,,,
MODEFENCE-EQ,24944,,,,,
WINDMACHIN-EQ,24969,,,,,
TREEHOUSE-EQ,25082,,,,,
PGHH-EQ,2535,,,,,
LICMFGOLD-EQ,25640,,,,,
MOMENTUM50-EQ,25606,,,,,
APLAPOLLO-EQ,25780,,,,,
KANANIIND-EQ,25786,,,,,
HYUNDAI-EQ,25844,,,,,
AMJLAND-EQ,2598,,,,,
3PLAND-EQ,2595,,,,,
IT-EQ,2627,,,,,
HEXATRADEX-EQ,27008,,,,,
TBZ-EQ,27037,,,,,
KPEL-EQ,27079,,,,,
SPECIALITY-EQ,27107,,,,,
RSWM-EQ,2794,,,,,
EASEMYTRIP-EQ,2792,,,,,
DAMCAPITAL-EQ,28662,,,,,
ONESOURCE-EQ,29224,,,,,
ITCHOTELS-EQ,29251,,,,,
NATCAPSUQ-EQ,29583,,,,,
AONETOTAL-EQ,29975,,,,,
EQUAL200-EQ,30121,,,,,
SAMMAANCAP-EQ,30125,,,,,
SOTL-EQ,3021,,,,,
ESSENTIA-EQ,30323,,,,,
BAJAJHLDNG-EQ,305,,,,,
SCHNEIDER-EQ,31234,,,,,
BARBEQUE-EQ,3127,,,,,
SUNDRMFAST-EQ,3345,,,,,
ADANIGREEN-EQ,3563,,,,,
THERMAX-EQ,3475,,,,,
TITAN-EQ,3506,,,,,
SOLARA-EQ,3672,,,,,
UNIVCABLES-EQ,3607,,,,,
BASF-EQ,368,,,,,
BATAINDIA-EQ,371,,,,,
JAYAGROGN-EQ,4041,,,,,
TATACOMM-EQ,3721,,,,,
HBSL-EQ,4116,,,,,
BHEL-EQ,438,,,,,
JAGSNPHARM-EQ,4410,,,,,
INDIANCARD-EQ,4422,,,,,
NEXT50IETF-EQ,4529,,,,,
ALKYLAMINE-EQ,4487,,,,,
DYNAMATECH-EQ,4525,,,,,
3MINDIA-EQ,474,,,,,
OSWALGREEN-EQ,471,,,,,
INDNIPPON-EQ,4747,,,,,
CONCOR-EQ,4749,,,,,
ICICIBANK-EQ,4963,,,,,
KPIGREEN-EQ,5108,,,,,
ETERNAL-EQ,5097,,,,,
BOMDYEING-EQ,513,,,,,
STYLAMIND-EQ,5186,,,,,
CARTRADE-EQ,5407,,,,,
BRITANNIA-EQ,547,,,,,
ARCHIES-EQ,5688,,,,,
CANFINHOME-EQ,583,,,,,
NIFTYETF-EQ,6353,,,,,
PAYTM-EQ,6705,,,,,
FOCUS-EQ,6836,,,,,
SHIVALIK-EQ,7016,,,,,
GANECOS-EQ,6944,,,,,
MICEL-EQ,7169,,,,,
JTLIND-EQ,7287,,,,,
METROBRAND-EQ,7242,,,,,
SETFNIFBK-EQ,7361,,,,,
SBIETFIT-EQ,740,,,,,
MANAKSTEEL-EQ,7463,,,,,
DATAPATTNS-EQ,7358,,,,,
SILVER-EQ,8003,,,,,
MALLCOM-EQ,7965,,,,,
CHALET-EQ,8546,,,,,
INDOBORAX-EQ,8614,,,,,
PRIVISCL-EQ,8825,,,,,
VERANDA-EQ,8890,,,,,
TIPSMUSIC-EQ,9117,,,,,
EIDPARRY-EQ,916,,,,,
EIHOTEL-EQ,919,,,,,
MEDICO-EQ,9667,,,,,
SPLPETRO-EQ,9617,,,,,
KPITTECH-EQ,9683,,,,,
DELHIVERY-EQ,9599,,,,,
EPL-EQ,981,,,,,
NV20BEES-EQ,9847,,,,,
NEXTMEDIA-EQ,9867,,,,,
AXITA-EQ,9902,,,,,
HAVELLS-EQ,9819,,,,,
EUROTEXIND-EQ,999,,,,,
CONFIPET-EQ,10238,,,,,
MANORAMA-EQ,10227,,,,,
RAMASTEEL-EQ,10300,,,,,
LUPIN-EQ,10440,,,,,
MOHEALTH-EQ,10508,,,,,
UTINIFTETF-EQ,10511,,,,,
UFLEX-EQ,1053,,,,,
MPSLTD-EQ,10578,,,,,
SADBHIN-EQ,10618,,,,,
SHREEPUSHK-EQ,10588,,,,,
ASAL-EQ,10634,,,,,
APTECHT-EQ,10755,,,,,
MOQLTYINAV-EQ,10830,,,,,
MOQUALITY-EQ,10822,,,,,
GABRIEL-EQ,1085,,,,,
OMAXAUTO-EQ,10922,,,,,
STCINDIA-EQ,10948,,,,,
SIRCA-EQ,11050,,,,,
AGRITECH-EQ,11072,,,,,
SHK-EQ,11212,,,,,
DREDGECORP-EQ,11271,,,,,
NSIL-EQ,11239,,,,,
JSL-EQ,11236,,,,,
TTKHLTCARE-EQ,11369,,,,,
TIPSFILMS-EQ,11374,,,,,
UMANGDAIRY-EQ,11387,,,,,
GICHSGFIN-EQ,1139,,,,,
NDTV-EQ,11427,,,,,
APARINDS-EQ,11491,,,,,
GIPCL-EQ,1145,,,,,
GLAXO-EQ,1153,,,,,
TRACXN-EQ,11582,,,,,
WESTLIFE-EQ,11580,,,,,
SSWL-EQ,11829,,,,,
MCLEODRUSS-EQ,11943,,,,,
IMPAL-EQ,12009,,,,,
SUZLON-EQ,12018,,,,,
SATINDLTD-EQ,12015,,,,,
BBTCL-EQ,12153,,,,,
INOXGREEN-EQ,12188,,,,,
CASTROLIND-EQ,1250,,,,,
TEAMLEASE-EQ,12716,,,,,
ABB-EQ,13,,,,,
UNIPARTS-EQ,13057,,,,,
ORIENTCER-EQ,13111,,,,,
CELEBRITY-EQ,13162,,,,,
SOLARINDS-EQ,13332,,,,,
SGL-EQ,13367,,,,,
BALPHARMA-EQ,13441,,,,,
PFOCUS-EQ,13496,,,,,
GMRAIRPORT-EQ,13528,,,,,
HIMATSEIDE-EQ,1360,,,,,
TALBROAUTO-EQ,13648,,,,,
FIEMIND-EQ,13710,,,,,
VISHWARAJ-EQ,13702,,,,,
HINDCOMPOS-EQ,1372,,,,,
GLOBALVECT-EQ,13735,,,,,
GTLINFRA-EQ,13745,,,,,
GREENPANEL-EQ,13810,,,,,
AARTIPHARM-EQ,13868,,,,,
LIQUID1-EQ,13950,,,,,
JASH-EQ,13982,,,,,
SANGHVIMOV-EQ,14058,,,,,
SAGCEM-EQ,14068,,,,,
PTL-EQ,14101,,,,,
INDIANB-EQ,14309,,,,,
SMSPHARMA-EQ,14329,,,,,
GODREJAGRO-EQ,144,,,,,
RAJTV-EQ,14403,,,,,
INSECTICID-EQ,14657,,,,,
DLF-EQ,14732,,,,,
151NSETEST-EQ,14782,,,,,
ADSL-EQ,14813,,,,,
111NSETEST-EQ,14774,,,,,
161NSETEST-EQ,14784,,,,,
ALPA-EQ,14848,,,,,
CCCL-EQ,14992,,,,,
PSUBANK-EQ,15061,,,,,
CERA-EQ,15039,,,,,
MOGSEC-EQ,1507,,,,,
INDIACEM-EQ,1515,,,,,
JYOTHYLAB-EQ,15146,,,,,
DVL-EQ,15214,,,,,
ECLERX-EQ,15179,,,,,
MADHAV-EQ,15151,,,,,
SEPC-EQ,15308,,,,,
GOLDETFADD-EQ,15356,,,,,
TITAGARH-EQ,15414,,,,,
RKEC-EQ,1547,,,,,
BHARATWIRE-EQ,16123,,,,,
GMMPFAUDLR-EQ,1570,,,,,
INFIBEAM-EQ,16249,,,,,
VAISHALI-EQ,16589,,,,,
GHCLTEXTIL-EQ,16696,,,,,
MKPL-EQ,16736,,,,,
RANEENGINE-EQ,16751,,,,,
MIDCAPIETF-EQ,17152,,,,,
JAYSREETEA-EQ,1720,,,,,
PSUBANKADD-EQ,17616,,,,,
POKARNA-EQ,17651,,,,,
DEN-EQ,17722,,,,,
REFEX-EQ,17764,,,,,
GODREJPROP-EQ,17875,,,,,
GILLANDERS-EQ,17839,,,,,
HINDCOPPER-EQ,17939,,,,,
KCP-EQ,1841,,,,,
BIGBLOC-EQ,18431,,,,,
NUVAMA-EQ,18721,,,,,
ENDURANCE-EQ,18822,,,,,
SJVN-EQ,18883,,,,,
KINGFA-EQ,18944,,,,,
PODDARMENT-EQ,19036,,,,,
JSWINFRA-EQ,19020,,,,,
ITBEES-EQ,19084,,,,,
AARTISURF-EQ,19233,,,,,
TI-EQ,19196,,,,,
ARVIND-EQ,193,,,,,
ROSSARI-EQ,19410,,,,,
PLAZACABLE-EQ,19458,,,,,
STEELCITY-EQ,10406,,,,,
AURUM-EQ,10310,,,,,
FINCABLES-EQ,1038,,,,,
DYCL-EQ,10417,,,,,
SATIN-EQ,10453,,,,,
NAVKARCORP-EQ,10557,,,,,
MNC-EQ,10676,,,,,
HDFCNEXT50-EQ,10619,,,,,
PNB-EQ,10666,,,,,
INFRAIETF-EQ,10723,,,,,
TIMESGTY-EQ,10717,,,,,
AXISILVER-EQ,11193,,,,,
INDIGO-EQ,11195,,,,,
HARSHA-EQ,11162,,,,,
HDFCVALUE-EQ,11260,,,,,
JAIBALAJI-EQ,11256,,,,,
UPL-EQ,11287,,,,,
APOLLO-EQ,1134,,,,,
SALZERELEC-EQ,11399,,,,,
HDFCNIFTY-EQ,11591,,,,,
SALSTEEL-EQ,11634,,,,,
ACEINTEG-EQ,11779,,,,,
NH-EQ,11840,,,,,
SAKSOFT-EQ,11794,,,,,
GOYALALUM-EQ,11787,,,,,
VHL-EQ,11892,,,,,
ICIL-EQ,11987,,,,,
KANSAINER-EQ,1196,,,,,
GOLDIAM-EQ,11971,,,,,
RENUKA-EQ,12026,,,,,
HDFCPVTBAN-EQ,12108,,,,,
DOLATALGO-EQ,12124,,,,,
RUSTOMJEE-EQ,12219,,,,,
NITINSPIN-EQ,13175,,,,,
MARINE-EQ,1328,,,,,
SDBL-EQ,1338,,,,,
GEECEE-EQ,13658,,,,,
MADHUCON-EQ,13671,,,,,
HCC-EQ,1375,,,,,
MANOMAY-EQ,13753,,,,,
RUCHIRA-EQ,13821,,,,,
PLASTIBLEN-EQ,13920,,,,,
LUMAXTECH-EQ,14014,,,,,
NETWORK18-EQ,14111,,,,,
PITTIENG-EQ,14134,,,,,
AGI-EQ,1412,,,,,
GLOBAL-EQ,1415,,,,,
TIMKEN-EQ,14198,,,,,
NSLNISP-EQ,14180,,,,,
ORIENTBELL-EQ,14278,,,,,
REDINGTON-EQ,14255,,,,,
TTL-EQ,14314,,,,,
SEQUENT-EQ,14296,,,,,
PFC-EQ,14299,,,,,
SANOFI-EQ,1442,,,,,
LAOPALA-EQ,14423,,,,,
HLVLTD-EQ,1448,,,,,
ICRA-EQ,14523,,,,,
ACCURACY-EQ,1465,,,,,
CHEMBOND-EQ,14618,,,,,
AKZOINDIA-EQ,1467,,,,,
091NSETEST-EQ,14769,,,,,
101NSETEST-EQ,14772,,,,,
141NSETEST-EQ,14781,,,,,
IFCI-EQ,1491,,,,,
ASIANTILES-EQ,14889,,,,,
MAGNUM-EQ,14957,,,,,
CIEINDIA-EQ,14937,,,,,
PSUBNKBEES-EQ,15032,,,,,
MANGCHEFER-EQ,15007,,,,,
BVCL-EQ,15073,,,,,
KOLTEPATIL-EQ,15124,,,,,
KAUSHALYA-EQ,15136,,,,,
VIRINCHI-EQ,15295,,,,,
CORDSCABLE-EQ,15271,,,,,
NAHARCAP-EQ,15360,,,,,
DPSCLTD-EQ,15419,,,,,
EIHAHOTELS-EQ,15399,,,,,
EBBETF0430-EQ,16253,,,,,
PRINCEPIPE-EQ,16045,,,,,
IONEXCHANG-EQ,1630,,,,,
RBL-EQ,16745,,,,,
SILVRETF-EQ,16777,,,,,
LOTUSEYE-EQ,16807,,,,,
IVP-EQ,1681,,,,,
QNIFTY-EQ,16819,,,,,
SETFGOLD-EQ,17272,,,,,
ASPINWALL-EQ,17270,,,,,
MHRIL-EQ,17333,,,,,
AJMERA-EQ,17307,,,,,
BANKETF-EQ,17419,,,,,
UNITEDTEA-EQ,17999,,,,,
DBREALTY-EQ,18124,,,,,
KPIL-EQ,1814,,,,,
KECL-EQ,18220,,,,,
PYRAMID-EQ,18250,,,,,
KARURVYSYA-EQ,1838,,,,,
SANDUMA-EQ,18359,,,,,
POWERINDIA-EQ,18457,,,,,
DIACABS-EQ,18543,,,,,
IDFNIFTYET-EQ,18783,,,,,
NIRAJISPAT-EQ,18840,,,,,
SILLYMONKS-EQ,19097,,,,,
BALKRISHNA-EQ,10181,,,,,
PPL-EQ,10297,,,,,
POWERMECH-EQ,10473,,,,,
OLECTRA-EQ,10637,,,,,
SILVERADD-EQ,10761,,,,,
GENESYS-EQ,10905,,,,,
INDORAMA-EQ,10993,,,,,
CREATIVE-EQ,11155,,,,,
SATIA-EQ,11045,,,,,
ZOTA-EQ,11394,,,,,
UNIENTER-EQ,11293,,,,,
LICNETFSEN-EQ,11441,,,,,
TCS-EQ,11536,,,,,
SPANDANA-EQ,11435,,,,,
DCI-EQ,11566,,,,,
ASTRAMICRO-EQ,11618,,,,,
PATELENG-EQ,11699,,,,,
MANGALAM-EQ,11817,,,,,
HPIL-EQ,11796,,,,,
ESG-EQ,1200,,,,,
BIKAJI-EQ,11966,,,,,
SASKEN-EQ,11983,,,,,
HDFCNIFIT-EQ,12101,,,,,
GREAVESCOT-EQ,1235,,,,,
SWSOLAR-EQ,12489,,,,,
ROHLTD-EQ,13182,,,,,
IEL-EQ,13303,,,,,
HCL-INSYS-EQ,1327,,,,,
MALUPAPER-EQ,13352,,,,,
BHAGERIA-EQ,13400,,,,,
KKCL-EQ,13381,,,,,
KELLTONTEC-EQ,13430,,,,,
GRINDWELL-EQ,13560,,,,,
ANANTRAJ-EQ,13620,,,,,
ELECON-EQ,13643,,,,,
INFOMEDIA-EQ,13693,,,,,
INSPIRISYS-EQ,13730,,,,,
HIRECT-EQ,13890,,,,,
GESHIP-EQ,13776,,,,,
NFL-EQ,13925,,,,,
ASMS-EQ,14064,,,,,
HDFCSML250-EQ,14233,,,,,
GANESHHOUC-EQ,14339,,,,,
POCL-EQ,14385,,,,,
GOACARBON-EQ,14687,,,,,
NAVINFLUOR-EQ,14672,,,,,
KSCL-EQ,14972,,,,,
CENTUM-EQ,14982,,,,,
INDHOTEL-EQ,1512,,,,,
SVLL-EQ,15121,,,,,
JKIL-EQ,15266,,,,,
KNRCON-EQ,15283,,,,,
INDIANHUME-EQ,1530,,,,,
IRB-EQ,15313,,,,,
MGEL-EQ,1593,,,,,
INGERRAND-EQ,1597,,,,,
PAVNAIND-EQ,16192,,,,,
MMP-EQ,16395,,,,,
SUNDROP-EQ,1663,,,,,
LPDC-EQ,16863,,,,,
JAYBARMARU-EQ,1708,,,,,
TPHQ-EQ,16996,,,,,
SUMICHEM-EQ,17105,,,,,
IDEAFORGE-EQ,17140,,,,,
PARAGMILK-EQ,17130,,,,,
NEXT50-EQ,17181,,,,,
SALONA-EQ,17351,,,,,
SENCO-EQ,17271,,,,,
PREMEXPLN-EQ,17397,,,,,
LLOYDSENGG-EQ,17801,,,,,
DBCORP-EQ,17881,,,,,
REDTAPE-EQ,17859,,,,,
DLINKINDIA-EQ,17851,,,,,
BEARDSELL-EQ,17933,,,,,
SBICARD-EQ,17971,,,,,
CONCORDBIO-EQ,18060,,,,,
MINDTECK-EQ,18049,,,,,
NIFTY1-EQ,18102,,,,,
YASHO-EQ,18131,,,,,
TVSSCS-EQ,18151,,,,,
MANINFRA-EQ,18226,,,,,
KAMATHOTEL-EQ,1826,,,,,
ISFT-EQ,18479,,,,,
GNA-EQ,18571,,,,,
KALAMANDIR-EQ,18755,,,,,
LAURUSLABS-EQ,19234,,,,,
MONIFTY500-EQ,19237,,,,,
KREBSBIO-EQ,1937,,,,,
CAPTRUST-EQ,19447,,,,,
HDFCGOLD-EQ,19543,,,,,
BSE-EQ,19585,,,,,
WELINV-EQ,19800,,,,,
CELLO-EQ,19795,,,,,
AYMSYNTEX-EQ,10285,,,,,
RADHIKAJWE-EQ,10343,,,,,
AXISBNKETF-EQ,1044,,,,,
SHARDAMOTR-EQ,10530,,,,,
BHARTIARTL-EQ,10604,,,,,
MOVALUE-EQ,10825,,,,,
HDFCQUAL-EQ,11255,,,,,
SUMIT-EQ,11140,,,,,
DHANBANK-EQ,11359,,,,,
DATAMATICS-EQ,11423,,,,,
POONAWALLA-EQ,11403,,,,,
PILANIINVS-EQ,11445,,,,,
KRITINUT-EQ,11432,,,,,
HDFCMOMENT-EQ,11538,,,,,
GULFPETRO-EQ,11581,,,,,
HDFCSENSEX-EQ,11593,,,,,
DWARKESH-EQ,11667,,,,,
GOKEX-EQ,11778,,,,,
SUKHJITS-EQ,11804,,,,,
EVEREADY-EQ,11782,,,,,
IIFL-EQ,11809,,,,,
GEOJITFSL-EQ,11896,,,,,
ACI-EQ,12024,,,,,
OSIAHYPER-EQ,12635,,,,,
GFLLIMITED-EQ,1289,,,,,
SARVESHWAR-EQ,12913,,,,,
QUICKHEAL-EQ,13116,,,,,
360ONE-EQ,13061,,,,,
EKC-EQ,13091,,,,,
CENTURYPLY-EQ,13305,,,,,
JKCEMENT-EQ,13270,,,,,
VAKRANGEE-EQ,13342,,,,,
HEG-EQ,1336,,,,,
UTTAMSUGAR-EQ,13376,,,,,
ELIN-EQ,13423,,,,,
KAMDHENU-EQ,13457,,,,,
RATNAMANI-EQ,13451,,,,,
MUNJALAU-EQ,13511,,,,,
RADIANTCMS-EQ,13580,,,,,
BINANIIND-EQ,13625,,,,,
SKYGOLD-EQ,13631,,,,,
VSSL-EQ,27067,,,,,
PRAJIND-EQ,2705,,,,,
SAGILITY-EQ,27052,,,,,
LIQUIDPLUS-EQ,27075,,,,,
NTPCGREEN-EQ,27176,,,,,
INNOVANA-EQ,27754,,,,,
JUBLINGREA-EQ,2783,,,,,
RAJSREESUG-EQ,2809,,,,,
IKS-EQ,28125,,,,,
ANURAS-EQ,2829,,,,,
SENORES-EQ,28888,,,,,
DUCON-EQ,28952,,,,,
SGLTL-EQ,29075,,,,,
CARERATING-EQ,29113,,,,,
DDEVPLSTIK-EQ,29098,,,,,
MCLOUD-EQ,29482,,,,,
JUBLCPL-EQ,29590,,,,,
SAIL-EQ,2963,,,,,
MSCIINDIA-EQ,29758,,,,,
GUJTHEM-EQ,29731,,,,,
GROWWN200-EQ,29872,,,,,
JUSTDIAL-EQ,29962,,,,,
SELECTIPO-EQ,30109,,,,,
CASHIETF-EQ,30139,,,,,
SBIBPB-EQ,30290,,,,,
NIF100IETF-EQ,30392,,,,,
SHREDIGCEM-EQ,3099,,,,,
ORBTEXP-EQ,31475,,,,,
VALIANTORG-EQ,330,,,,,
LODHA-EQ,3220,,,,,
DEEPINDS-EQ,3292,,,,,
SUDARSCHEM-EQ,3327,,,,,
BANARBEADS-EQ,347,,,,,
HONAUT-EQ,3417,,,,,
TATAPOWER-EQ,3426,,,,,
AXISBPSETF-EQ,3530,,,,,
MOKSH-EQ,3586,,,,,
TNTELE-EQ,3512,,,,,
WALCHANNAG-EQ,3736,,,,,
VOLTAS-EQ,3718,,,,,
CUBEXTUB-EQ,4064,,,,,
MARICO-EQ,4067,,,,,
GULFOILLUB-EQ,4391,,,,,
PUNJABCHEM-EQ,4344,,,,,
5PAISA-EQ,445,,,,,
JCHAC-EQ,4491,,,,,
RUCHINFRA-EQ,4566,,,,,
SIGIND-EQ,4522,,,,,
IRCON-EQ,4986,,,,,
TATVA-EQ,5162,,,,,
AAREYDRUGS-EQ,5245,,,,,
DEVYANI-EQ,5373,,,,,
CHEMPLASTS-EQ,5449,,,,,
APTUS-EQ,5435,,,,,
LIKHITHA-EQ,578,,,,,
INTELLECT-EQ,5926,,,,,
MONTECARLO-EQ,5938,,,,,
GOODLUCK-EQ,6125,,,,,
NATIONALUM-EQ,6364,,,,,
SONATSOFTW-EQ,6596,,,,,
LATENTVIEW-EQ,6818,,,,,
CHOLAFIN-EQ,685,,,,,
ICDSLTD-EQ,6977,,,,,
MAHKTECH-EQ,7074,,,,,
STARHEALTH-EQ,7083,,,,,
RATEGAIN-EQ,7177,,,,,
EVIETF-EQ,755881,,,,,
CIFL-EQ,756015,,,,,
NETF-EQ,7838,,,,,
ALEMBICLTD-EQ,79,,,,,
GEPIL-EQ,7862,,,,,
SILVERIETF-EQ,7942,,,,,
DALBHARAT-EQ,8075,,,,,
AWL-EQ,8110,,,,,
BSHSL-EQ,809,,,,,
MOLOWVOL-EQ,8654,,,,,
GAEL-EQ,8828,,,,,
AVROIND-EQ,8827,,,,,
DRREDDY-EQ,881,,,,,
UMAEXPORTS-EQ,8842,,,,,
CREATIVEYE-EQ,9384,,,,,
MSTCLTD-EQ,9356,,,,,
PRUDENT-EQ,9553,,,,,
MAHESHWARI-EQ,9576,,,,,
AIRAN-EQ,9897,,,,,
GICRE-EQ,277,,,,,
VMM-EQ,27969,,,,,
MOBIKWIK-EQ,28046,,,,,
ANUHPHR-EQ,28314,,,,,
VENTIVE-EQ,28847,,,,,
UNIMECH-EQ,28960,,,,,
PCJEWELLER-EQ,29124,,,,,
RIIL-EQ,2912,,,,,
RUBYMILLS-EQ,2939,,,,,
NIFTYIETF-EQ,29553,,,,,
VIVIDHA-EQ,29877,,,,,
ORIENTCEM-EQ,30089,,,,,
PILITA-EQ,30835,,,,,
SHREECEM-EQ,3103,,,,,
SREEL-EQ,31837,,,,,
STARPAPER-EQ,3291,,,,,
TATAELXSI-EQ,3411,,,,,
SUPREMEIND-EQ,3363,,,,,
AGARIND-EQ,3389,,,,,
CAMS-EQ,342,,,,,
TATACONSUM-EQ,3432,,,,,
VLSFINANCE-EQ,3715,,,,,
WHEELS-EQ,3766,,,,,
SINTERCOM-EQ,381,,,,,
SOMANYCERA-EQ,3880,,,,,
HATSUN-EQ,3892,,,,,
BHARATRAS-EQ,3834,,,,,
CORALFINAC-EQ,4007,,,,,
NATCOPHARM-EQ,3918,,,,,
PANACEABIO-EQ,4055,,,,,
VISAKAIND-EQ,4221,,,,,
DENORA-EQ,4279,,,,,
HAPPSTMNDS-EQ,48,,,,,
BIRLACABLE-EQ,477,,,,,
SONACOMS-EQ,4684,,,,,
SAREGAMA-EQ,4892,,,,,
FDC-EQ,4898,,,,,
BLUEDART-EQ,495,,,,,
JAICORPLTD-EQ,5143,,,,,
UGROCAP-EQ,5313,,,,,
GRSE-EQ,5475,,,,,
KRSNAA-EQ,5359,,,,,
KOTHARIPRO-EQ,5528,,,,,
ASTRAZEN-EQ,5610,,,,,
MASPTOP50-EQ,5782,,,,,
BANKNIFTY1-EQ,5851,,,,,
LAGNAM-EQ,5865,,,,,
LICNETFGSC-EQ,6062,,,,,
ATGL-EQ,6066,,,,,
AIROLAM-EQ,6068,,,,,
SELMC-EQ,6262,,,,,
CCHHL-EQ,6385,,,,,
CHAMBLFERT-EQ,637,,,,,
LAMBODHARA-EQ,6407,,,,,
NYKAA-EQ,6545,,,,,
POLICYBZR-EQ,6656,,,,,
RPPL-EQ,6913,,,,,
HEMIPROP-EQ,701,,,,,
GOCOLORS-EQ,6964,,,,,
DICIND-EQ,703,,,,,
TEGA-EQ,7105,,,,,
UDAICEMENT-EQ,7276,,,,,
ABSLNN50ET-EQ,7339,,,,,
DCMSRIND-EQ,7325,,,,,
COROMANDEL-EQ,739,,,,,
ALPHA-EQ,7412,,,,,
COSMOFIRST-EQ,742,,,,,
CMSINFO-EQ,7603,,,,,
KEEPLEARN-EQ,778,,,,,
INOXWIND-EQ,7852,,,,,
LFIC-EQ,7902,,,,,
AVANTIFEED-EQ,7936,,,,,
RPSGVENT-EQ,8119,,,,,
DCW-EQ,817,,,,,
TTML-EQ,8954,,,,,
KHAICHEM-EQ,896,,,,,
ANUP-EQ,9014,,,,,
NILAINFRA-EQ,9253,,,,,
ORCHPHARMA-EQ,926,,,,,
NEOGEN-EQ,9917,,,,,
GOLDIETF-EQ,19679,,,,,
TRENT-EQ,1964,,,,,
ADFFOODS-EQ,19761,,,,,
HONASA-EQ,19813,,,,,
ESAFSFB-EQ,19878,,,,,
DMART-EQ,19913,,,,,
LYKALABS-EQ,2028,,,,,
ASHAPURMIN-EQ,203,,,,,
FLAIR-EQ,20372,,,,,
INDIASHLTR-EQ,20556,,,,,
PENIND-EQ,20621,,,,,
SURAJEST-EQ,20822,,,,,
MARALOVER-EQ,2112,,,,,
MASTEK-EQ,2124,,,,,
MAGADSUGAR-EQ,21392,,,,,
AKG-EQ,2176,,,,,
CHOLAHLDNG-EQ,21740,,,,,
BANKBETF-EQ,21986,,,,,
EPACK-EQ,22463,,,,,
NIFITETF-EQ,22488,,,,,
BLSE-EQ,22566,,,,,
SIGNPOST-EQ,22656,,,,,
HEIDELBERG-EQ,2316,,,,,
PVSL-EQ,23142,,,,,
BHARTIHEXA-EQ,23489,,,,,
BALUFORGE-EQ,23607,,,,,
NKIND-EQ,2439,,,,,
FILATEX-EQ,24532,,,,,
CENTRUM-EQ,2454,,,,,
RUBFILA-EQ,24730,,,,,
AKUMS-EQ,24715,,,,,
ONWARDTEC-EQ,2481,,,,,
METALIETF-EQ,24861,,,,,
SSDL-EQ,24856,,,,,
ASAHISONG-EQ,25088,,,,,
STYLEBAAZA-EQ,25114,,,,,
PNGJL-EQ,25312,,,,,
NIRAJ-EQ,255,,,,,
JISLDVREQS-EQ,25684,,,,,
BANKPSU-EQ,25725,,,,,
AFFORDABLE-EQ,25855,,,,,
SEAMECLTD-EQ,2616,,,,,
PCBL-EQ,2649,,,,,
ABINFRA-EQ,27020,,,,,
BLACKBUCK-EQ,27144,,,,,
RACLGEAR-EQ,27171,,,,,
AARON-EQ,1030,,,,,
CSLFINANCE-EQ,10350,,,,,
JISLJALEQS-EQ,10397,,,,,
MUTHOOTCAP-EQ,10415,,,,,
LOYALTEX-EQ,10590,,,,,
SPORTKING-EQ,10733,,,,,
OFSS-EQ,10738,,,,,
OAL-EQ,10768,,,,,
CANBK-EQ,10794,,,,,
DIVISLAB-EQ,10940,,,,,
RADICO-EQ,10990,,,,,
LIBAS-EQ,11082,,,,,
DCMNVL-EQ,11039,,,,,
UCOBANK-EQ,11223,,,,,
IDFCFIRSTB-EQ,11184,,,,,
BAGFILMS-EQ,11226,,,,,
TVSELECT-EQ,11265,,,,,
GHCL-EQ,1127,,,,,
GTECJAINX-EQ,1129,,,,,
BALAXI-EQ,11309,,,,,
SIL-EQ,11297,,,,,
LICNETFN50-EQ,11319,,,,,
VAIBHAVGBL-EQ,11364,,,,,
RKFORGE-EQ,11411,,,,,
AMBICAAGAR-EQ,11496,,,,,
CENTEXT-EQ,11511,,,,,
COFORGE-EQ,11543,,,,,
EMIL-EQ,11530,,,,,
PPLPHARMA-EQ,11571,,,,,
NIITLTD-EQ,11522,,,,,
LINCOLN-EQ,11596,,,,,
GNFC-EQ,1174,,,,,
SHOPERSTOP-EQ,11813,,,,,
ALLDIGI-EQ,11798,,,,,
PRIMESECU-EQ,11864,,,,,
FMGOETZE-EQ,1190,,,,,
GENUSPOWER-EQ,11905,,,,,
SYNCOMF-EQ,11992,,,,,
MEDANTA-EQ,11956,,,,,
FUSION-EQ,11932,,,,,
GRASIM-EQ,1232,,,,,
ROUTE-EQ,128,,,,,
SILVER1-EQ,13082,,,,,
IIFLCAPS-EQ,13072,,,,,
REPRO-EQ,13126,,,,,
PVRINOX-EQ,13147,,,,,
HDFCBANK-EQ,1333,,,,,
HEROMOTOCO-EQ,1348,,,,,
VIDHIING-EQ,13536,,,,,
TECHM-EQ,13538,,,,,
VOLTAMP-EQ,13577,,,,,
HOVS-EQ,13592,,,,,
ACE-EQ,13587,,,,,
MANUGRAPH-EQ,13572,,,,,
IRCTC-EQ,13611,,,,,
HINDALCO-EQ,1363,,,,,
JMFINANCIL-EQ,13637,,,,,
TORNTPOWER-EQ,13786,,,,,
PARSVNATH-EQ,13791,,,,,
LTFOODS-EQ,13816,,,,,
TANLA-EQ,13976,,,,,
HINDOILEXP-EQ,1403,,,,,
GOLDBEES-EQ,14428,,,,,
BALAMINES-EQ,14501,,,,,
GOKULAGRO-EQ,14480,,,,,
BIRLANU-EQ,1455,,,,,
BFUTILITIE-EQ,14567,,,,,
HGS-EQ,14712,,,,,
AXSENSEX-EQ,14742,,,,,
011NSETEST-EQ,14747,,,,,
VIPCLOTHNG-EQ,14843,,,,,
CENTRALBK-EQ,14894,,,,,
GSEC10YEAR-EQ,14938,,,,,
SAHYADRI-EQ,14900,,,,,
INDOWIND-EQ,14952,,,,,
ENERGYDEV-EQ,15049,,,,,
TARIL-EQ,15174,,,,,
ONMOBILE-EQ,15278,,,,,
SHALPAINTS-EQ,15342,,,,,
BANG-EQ,15303,,,,,
ANDHRAPAP-EQ,166,,,,,
IOC-EQ,1624,,,,,
SINDHUTRAD-EQ,16859,,,,,
ZFCVINDIA-EQ,16915,,,,,
SHARIABEES-EQ,17044,,,,,
CYIENTDLM-EQ,17187,,,,,
PAKKA-EQ,17197,,,,,
VINATIORGA-EQ,17364,,,,,
MGL-EQ,17534,,,,,
SENSEXADD-EQ,17613,,,,,
MAHEPC-EQ,17603,,,,,
ASTEC-EQ,17728,,,,,
NESTLEIND-EQ,17963,,,,,
ADVENZYMES-EQ,18039,,,,,
MBLINFRA-EQ,18029,,,,,
THANGAMAYL-EQ,18118,,,,,
EMMBI-EQ,18142,,,,,
TEXMOPIPES-EQ,18214,,,,,
HNGSNGBEES-EQ,18284,,,,,
NIFMID150-EQ,18347,,,,,
VPRPL-EQ,18341,,,,,
PERSISTENT-EQ,18365,,,,,
CUPID-EQ,18520,,,,,
CARYSIL-EQ,1879,,,,,
SIGNATURE-EQ,18743,,,,,
KAPSTON-EQ,18967,,,,,
VALIANTLAB-EQ,19218,,,,,
KOTAKBANK-EQ,1922,,,,,
ITDC-EQ,19299,,,,,
THEJO-EQ,19279,,,,,
ALPHAETF-EQ,19640,,,,,
LGHL-EQ,19876,,,,,
AHLADA-EQ,2004,,,,,
SASTASUNDR-EQ,20063,,,,,
INFRABEES-EQ,20072,,,,,
FACT-EQ,1008,,,,,
SETFNIF50-EQ,10176,,,,,
SYNGENE-EQ,10243,,,,,
ADANIENSOL-EQ,10217,,,,,
KAYA-EQ,10276,,,,,
NIFTYBEES-EQ,10576,,,,,
GUJGASLTD-EQ,10599,,,,,
FOSECOIND-EQ,1073,,,,,
ZENSARTECH-EQ,1076,,,,,
UNIONBANK-EQ,10753,,,,,
GVPTECH-EQ,10865,,,,,
JUNIORBEES-EQ,10939,,,,,
INFOBEAN-EQ,11027,,,,,
GODREJIND-EQ,10925,,,,,
SHRENIK-EQ,11149,,,,,
BIOCON-EQ,11373,,,,,
BANKBEES-EQ,11439,,,,,
HDFCLOWVOL-EQ,11547,,,,,
TEXINFRA-EQ,11549,,,,,
GMBREW-EQ,1168,,,,,
XCHANGING-EQ,11705,,,,,
GODFRYPHLP-EQ,1181,,,,,
SHAHALLOYS-EQ,11856,,,,,
63MOONS-EQ,11868,,,,,
SCPL-EQ,12072,,,,,
AAATECH-EQ,12533,,,,,
MBAPL-EQ,12686,,,,,
KRISHANA-EQ,12847,,,,,
N1NSETEST-EQ,12848,,,,,
V1NSETEST-EQ,12863,,,,,
DHARMAJ-EQ,13001,,,,,
NAHARINDUS-EQ,13106,,,,,
JAGRAN-EQ,13211,,,,,
NECCLTD-EQ,13522,,,,,
BANKETFADD-EQ,13644,,,,,
ANDHRSUGAR-EQ,136,,,,,
SHIVAMAUTO-EQ,13756,,,,,
BBL-EQ,13761,,,,,
VENUSREM-EQ,13859,,,,,
SOBHA-EQ,13826,,,,,
ZEEMEDIA-EQ,14003,,,,,
HBLENGINE-EQ,13966,,,,,
AVTNPL-EQ,14008,,,,,
SIYSIL-EQ,14096,,,,,
HINDPETRO-EQ,1406,,,,,
GANDHITUBE-EQ,14116,,,,,
HDFCMID150-EQ,14236,,,,,
TIIL-EQ,14223,,,,,
OSWALSEEDS-EQ,14305,,,,,
NAHARPOLY-EQ,14445,,,,,
GSLSU-EQ,14599,,,,,
TIMETECHNO-EQ,14707,,,,,
061NSETEST-EQ,14762,,,,,
081NSETEST-EQ,14767,,,,,
TARMAT-EQ,14771,,,,,
GOLD1-EQ,14858,,,,,
OMAXE-EQ,14853,,,,,
RGL-EQ,15129,,,,,
BLAL-EQ,15067,,,,,
PATINTLOG-EQ,15219,,,,,
MANKIND-EQ,15380,,,,,
ATALREAL-EQ,15649,,,,,
DHANI-EQ,15384,,,,,
RVHL-EQ,1565,,,,,
INFY-EQ,1594,,,,,
ALMONDZ-EQ,16719,,,,,
20MICRONS-EQ,16921,,,,,
MAWANASUG-EQ,17022,,,,,
URAVIDEF-EQ,17071,,,,,
AARTECH-EQ,17145,,,,,
ARMANFIN-EQ,17263,,,,,
NETWEB-EQ,17433,,,,,
ASALCBR-EQ,17598,,,,,
AHLUCONT-EQ,17833,,,,,
JSWENERGY-EQ,17869,,,,,
SUVENPHAR-EQ,17945,,,,,
GATECH-EQ,17888,,,,,
KAJARIACER-EQ,1808,,,,,
ORIENTLTD-EQ,18208,,,,,
DBL-EQ,18086,,,,,
IVZINGOLD-EQ,18292,,,,,
SAMHI-EQ,18614,,,,,
LTTS-EQ,18564,,,,,
EMSLIMITED-EQ,18593,,,,,
ICICIPRULI-EQ,18652,,,,,
VBL-EQ,18921,,,,,
MANAPPURAM-EQ,19061,,,,,
KIOCL-EQ,19126,,,,,
UMESLTD-EQ,19142,,,,,
KOPRAN-EQ,1919,,,,,
IRMENERGY-EQ,19597,,,,,
ITETF-EQ,19633,,,,,
KILITCH-EQ,19937,,,,,
RAMKY-EQ,20134,,,,,
OBEROIRLTY-EQ,20242,,,,,
INOXINDIA-EQ,20607,,,,,
ZEELEARN-EQ,20852,,,,,
ASHOKLEY-EQ,212,,,,,
AXISNIFTY-EQ,21252,,,,,
SENSEXETF-EQ,19224,,,,,
BLISSGVS-EQ,19265,,,,,
BOROLTD-EQ,19401,,,,,
TICL-EQ,19501,,,,,
KSB-EQ,1949,,,,,
BLUEJET-EQ,19686,,,,,
MASFIN-EQ,199,,,,,
ORISSAMINE-EQ,19931,,,,,
LIBERTSHOE-EQ,1994,,,,,
ASKAUTOLTD-EQ,20152,,,,,
UNIDT-EQ,201,,,,,
ARIHANTSUP-EQ,20159,,,,,
CLEDUCATE-EQ,20223,,,,,
RAMCOCEM-EQ,2043,,,,,
APCL-EQ,20453,,,,,
AXISGOLD-EQ,20532,,,,,
BAJEL-EQ,20531,,,,,
VTL-EQ,2073,,,,,
HUDCO-EQ,20825,,,,,
INNOVACAP-EQ,21062,,,,,
STARCEMENT-EQ,21091,,,,,
ERIS-EQ,21154,,,,,
AUBANK-EQ,21238,,,,,
GANGESSECU-EQ,21399,,,,,
STEELXIND-EQ,21339,,,,,
JYOTICNC-EQ,21334,,,,,
BDL-EQ,2144,,,,,
DIXON-EQ,21690,,,,,
IEX-EQ,220,,,,,
WORTH-EQ,22277,,,,,
HEALTHADD-EQ,22592,,,,,
PFS-EQ,22602,,,,,
JSFB-EQ,22663,,,,,
LICNMID100-EQ,22722,,,,,
MRPL-EQ,2283,,,,,
PLATIND-EQ,22930,,,,,
MTNL-EQ,2294,,,,,
GOPAL-EQ,23066,,,,,
GODIGIT-EQ,23799,,,,,
BBNPNBETF-EQ,24117,,,,,
OMINFRAL-EQ,24231,,,,,
ABGSEC-EQ,24404,,,,,
NOCIL-EQ,2442,,,,,
ADL-EQ,245,,,,,
OLAELEC-EQ,24777,,,,,
ECOSMOBLTY-EQ,25060,,,,,
TDPOWERSYS-EQ,25178,,,,,
BAJAJHFL-EQ,25270,,,,,
GROWWLIQID-EQ,25447,,,,,
PAISALO-EQ,25468,,,,,
METAL-EQ,25744,,,,,
PRECWIRE-EQ,2717,,,,,
EIEL-EQ,27213,,,,,
INTENTECH-EQ,20071,,,,,
NRAIL-EQ,20314,,,,,
IRFC-EQ,2029,,,,,
GRAVITA-EQ,20534,,,,,
JAMNAAUTO-EQ,20778,,,,,
MOTISONS-EQ,20788,,,,,
MAHSEAMLES-EQ,2088,,,,,
STOVEKRAFT-EQ,2107,,,,,
GTPL-EQ,21195,,,,,
SUMMITSEC-EQ,21275,,,,,
SALASAR-EQ,21362,,,,,
TATAGOLD-EQ,21401,,,,,
MFSL-EQ,2142,,,,,
OPTIEMUS-EQ,21469,,,,,
SIS-EQ,21501,,,,,
RHFL-EQ,21733,,,,,
ICICIGI-EQ,21770,,,,,
ITIETF-EQ,22365,,,,,
MODIRUBBER-EQ,2229,,,,,
NIF10GETF-EQ,22524,,,,,
MOTOGENFIN-EQ,2268,,,,,
MRF-EQ,2277,,,,,
GOLDCASE-EQ,22901,,,,,
MUKKA-EQ,22980,,,,,
MURUDCERA-EQ,2313,,,,,
SCILAL-EQ,23127,,,,,
NCC-EQ,2319,,,,,
JAYNECOIND-EQ,2331,,,,,
181NSETEST-EQ,23447,,,,,
AAKASH-EQ,235,,,,,
GLOSTERLTD-EQ,23590,,,,,
MUTHOOTFIN-EQ,23650,,,,,
INDGN-EQ,23693,,,,,
AWFIS-EQ,23864,,,,,
LIQUIDBETF-EQ,23915,,,,,
BOROSCI-EQ,24014,,,,,
TOP100CASE-EQ,24081,,,,,
IVZINNIFTY-EQ,24217,,,,,
AFIL-EQ,24159,,,,,
RELTD-EQ,24596,,,,,
BSLNIFTY-EQ,24781,,,,,
INTERARCH-EQ,24909,,,,,
SILGO-EQ,2492,,,,,
ORIENTPPR-EQ,2496,,,,,
BODALCHEM-EQ,25017,,,,,
VASWANI-EQ,25340,,,,,
ARKADE-EQ,25398,,,,,
NORTHARC-EQ,25426,,,,,
MANBA-EQ,25597,,,,,
OCCLLTD-EQ,25918,,,,,
EMULTIMQ-EQ,25996,,,,,
ATUL-EQ,263,,,,,
DRCSYSTEMS-EQ,2645,,,,,
MASTERTR-EQ,27047,,,,,
PRAKASH-EQ,2708,,,,,
ACMESOLAR-EQ,27061,,,,,
PRECOT-EQ,2711,,,,,
CINELINE-EQ,27161,,,,,
CRAFTSMAN-EQ,2854,,,,,
RICOAUTO-EQ,2909,,,,,
AGARWALEYE-EQ,29452,,,,,
REPCOHOME-EQ,29598,,,,,
AJAXENGG-EQ,29624,,,,,
HEXT-EQ,29666,,,,,
SANDESH-EQ,2988,,,,,
SPECTRUM-EQ,30455,,,,,
VEDL-EQ,3063,,,,,
SHANTIGEAR-EQ,3078,,,,,
JTEKTINDIA-EQ,3237,,,,,
BAJFINANCE-EQ,317,,,,,
BALKRISIND-EQ,335,,,,,
SPIC-EQ,3252,,,,,
CLSEL-EQ,3482,,,,,
TATASTEEL-EQ,3499,,,,,
TTKPRESTIG-EQ,3546,,,,,
UNICHEMLAB-EQ,3579,,,,,
UCAL-EQ,3570,,,,,
VSTIND-EQ,3724,,,,,
VIPIND-EQ,3703,,,,,
VENKEYS-EQ,3757,,,,,
BBTC-EQ,380,,,,,
PREMIERPOL-EQ,3908,,,,,
ARIHANTCAP-EQ,3813,,,,,
ZEEL-EQ,3812,,,,,
SILINV-EQ,4105,,,,,
BEPL-EQ,419,,,,,
EIMCOELECO-EQ,4040,,,,,
AEGISLOG-EQ,40,,,,,
KHADIM-EQ,425,,,,,
BANKBARODA-EQ,4668,,,,,
ADROITINFO-EQ,4953,,,,,
NUVOCO-EQ,5426,,,,,
NGIL-EQ,5401,,,,,
JAIPURKURT-EQ,5516,,,,,
SERVOTECH-EQ,5507,,,,,
CUB-EQ,5701,,,,,
ITDCEM-EQ,5622,,,,,
PARAS-EQ,5911,,,,,
AXISBANK-EQ,5900,,,,,
GRAPHITE-EQ,592,,,,,
CARBORUNIV-EQ,595,,,,,
HEALTHY-EQ,6297,,,,,
CESC-EQ,628,,,,,
MEDICAMEQ-EQ,6278,,,,,
APOLSINHOT-EQ,6302,,,,,
JINDALSTEL-EQ,6733,,,,,
LAXMICOT-EQ,6568,,,,,
FOODSIN-EQ,6673,,,,,
EXIDEIND-EQ,676,,,,,
AARTIIND-EQ,7,,,,,
TARSONS-EQ,6943,,,,,
ASIANENE-EQ,7030,,,,,
JETFREIGHT-EQ,7211,,,,,
SETFNN50-EQ,7353,,,,,
RAJESHEXPO-EQ,7401,,,,,
CREST-EQ,13900,,,,,
PRAENG-EQ,13941,,,,,
HINDUNILVR-EQ,1394,,,,,
ABSLBANETF-EQ,13987,,,,,
SARLAPOLY-EQ,14043,,,,,
UNOMINDA-EQ,14154,,,,,
NINSYS-EQ,14194,,,,,
TVSSRICHAK-EQ,14245,,,,,
HSCL-EQ,14334,,,,,
APOLLOPIPE-EQ,14361,,,,,
PAGEIND-EQ,14413,,,,,
ASTRAL-EQ,14418,,,,,
EMBDL-EQ,14450,,,,,
ABSLLIQUID-EQ,14518,,,,,
AROGRANITE-EQ,14557,,,,,
PHOENIXLTD-EQ,14552,,,,,
WEBELSOLAR-EQ,14602,,,,,
ADVANIHOTR-EQ,14745,,,,,
031NSETEST-EQ,14753,,,,,
131NSETEST-EQ,14778,,,,,
071NSETEST-EQ,14764,,,,,
BAJAJELEC-EQ,15034,,,,,
RHL-EQ,15157,,,,,
COLPAL-EQ,15141,,,,,
LICNFNHGP-EQ,15229,,,,,
UJJIVANSFB-EQ,15228,,,,,
MANAKSIA-EQ,15199,,,,,
NESCO-EQ,15409,,,,,
APOLLOHOSP-EQ,157,,,,,
RAIN-EQ,15337,,,,,
FAIRCHEMOR-EQ,1614,,,,,
BAJAJFINSV-EQ,16675,,,,,
DIGISPICE-EQ,16683,,,,,
SIGMA-EQ,16658,,,,,
RPGLIFE-EQ,16725,,,,,
KOKUYOCMLN-EQ,16827,,,,,
IKIO-EQ,16822,,,,,
PATANJALI-EQ,17029,,,,,
INDBANK-EQ,16933,,,,,
HMAAGRO-EQ,17053,,,,,
SHRIPISTON-EQ,17186,,,,,
UTKARSHBNK-EQ,17358,,,,,
ADANIPOWER-EQ,17388,,,,,
RTNPOWER-EQ,17520,,,,,
MOLDTECH-EQ,17625,,,,,
SARDAEN-EQ,17758,,,,,
SHILPAMED-EQ,17752,,,,,
QUAL30IETF-EQ,17808,,,,,
GEEKAYWIRE-EQ,17922,,,,,
TRF-EQ,17987,,,,,
AWHCL-EQ,1797,,,,,
SRGHFL-EQ,18119,,,,,
AEROFLEX-EQ,18268,,,,,
SPAL-EQ,18252,,,,,
NDGL-EQ,18371,,,,,
JLHL-EQ,18553,,,,,
MITTAL-EQ,18562,,,,,
DIAMINESQ-EQ,18644,,,,,
KIRLOSBROS-EQ,18581,,,,,
AARVI-EQ,19073,,,,,
UDS-EQ,19113,,,,,
EMAMIREAL-EQ,19277,,,,,
IMFA-EQ,19235,,,,,
HISARMETAL-EQ,19322,,,,,
AHLEAST-EQ,19438,,,,,
IITL-EQ,19525,,,,,
LIQUIDSBI-EQ,19705,,,,,
GPPL-EQ,19731,,,,,
LMW-EQ,1979,,,,,
CPCAP-EQ,20086,,,,,
SHAH-EQ,20296,,,,,
FEDFINA-EQ,20322,,,,,
NACLIND-EQ,20425,,,,,
PSPPROJECT-EQ,20877,,,,,
MUTHOOTMF-EQ,20831,,,,,
A2ZINFRA-EQ,20906,,,,,
MANGLMCEM-EQ,2106,,,,,
BFINVEST-EQ,21113,,,,,
SURANASOL-EQ,21077,,,,,
DIGIDRIVE-EQ,21247,,,,,
AVADHSUGAR-EQ,21406,,,,,
MATRIMONY-EQ,21726,,,,,
SUNDARMHLD-EQ,2183,,,,,
HFCL-EQ,21951,,,,,
TOTAL-EQ,22423,,,,,
MAXIND-EQ,22428,,,,,
NIF5GETF-EQ,22521,,,,,
MON100-EQ,22739,,,,,
SMALLCAP-EQ,22832,,,,,
JUNIPER-EQ,22824,,,,,
KRYSTAL-EQ,23175,,,,,
171NSETEST-EQ,23446,,,,,
ABSLPSE-EQ,23806,,,,,
NAVNETEDUL-EQ,2385,,,,,
RETAIL-EQ,24145,,,,,
VADILALIND-EQ,24196,,,,,
ESTER-EQ,24265,,,,,
SBISILVER-EQ,24366,,,,,
BANSALWIRE-EQ,24386,,,,,
RUSHIL-EQ,24595,,,,,
MAITHANALL-EQ,24538,,,,,
UNIECOM-EQ,24809,,,,,
ONGC-EQ,2475,,,,,
GSEC10ABSL-EQ,24847,,,,,
ORIENTHOT-EQ,2493,,,,,
SURAJLTD-EQ,24966,,,,,
GALAPREC-EQ,25134,,,,,
SANOFICONR-EQ,25222,,,,,
BALAJEE-EQ,25203,,,,,
APLLTD-EQ,25328,,,,,
RUPA-EQ,25724,,,,,
GARUDA-EQ,25800,,,,,
MINDACORP-EQ,25897,,,,,
SWIGGY-EQ,27066,,,,,
SAMPANN-EQ,27303,,,,,
PRSMJOHNSN-EQ,2739,,,,,
AUROPHARMA-EQ,275,,,,,
RANASUG-EQ,2837,,,,,
RCF-EQ,2866,,,,,
MAMATA-EQ,28687,,,,,
HITECH-EQ,2868,,,,,
MAYURUNIQ-EQ,28906,,,,,
BEDMUTHA-EQ,20196,,,,,
PRESTIGE-EQ,20302,,,,,
RESPONIND-EQ,20323,,,,,
CGCL-EQ,20329,,,,,
SHANKARA-EQ,20321,,,,,
INDIGOPNTS-EQ,2048,,,,,
BBNPPGOLD-EQ,20547,,,,,
DOLLAR-EQ,20560,,,,,
DOMS-EQ,20551,,,,,
SUPERHOUSE-EQ,20616,,,,,
SUNCLAY-EQ,20956,,,,,
PSB-EQ,21001,,,,,
LOWVOLIETF-EQ,21254,,,,,
MOM100-EQ,21423,,,,,
DYNPRO-EQ,21314,,,,,
THEINVEST-EQ,21427,,,,,
UTINEXT50-EQ,21478,,,,,
COCHINSHIP-EQ,21508,,,,,
DCAL-EQ,21704,,,,,
TEXRAIL-EQ,21828,,,,,
NIFTYBETF-EQ,21959,,,,,
DHUNINV-EQ,22233,,,,,
NDRAUTO-EQ,22255,,,,,
NOVAAGRI-EQ,22477,,,,,
HDFCPSUBK-EQ,22595,,,,,
CAPITALSFB-EQ,22675,,,,,
HAL-EQ,2303,,,,,
MOREALTY-EQ,23184,,,,,
AADHARHFC-EQ,23729,,,,,
MIDSMALL-EQ,23855,,,,,
IXIGO-EQ,24067,,,,,
ABDL-EQ,24308,,,,,
SBINEQWETF-EQ,24524,,,,,
RELIABLE-EQ,24378,,,,,
PREMIERENE-EQ,25049,,,,,
KRN-EQ,25643,,,,,
VIKASECO-EQ,25756,,,,,
DIVOPPBEES-EQ,2636,,,,,
AVL-EQ,25984,,,,,
PIDILITIND-EQ,2664,,,,,
CHEMCON-EQ,270,,,,,
SWANENERGY-EQ,27095,,,,,
NIVABUPA-EQ,27097,,,,,
BUTTERFLY-EQ,2716,,,,,
CHEMFAB-EQ,2799,,,,,
RANEHOLDIN-EQ,2844,,,,,
ROSSELLIND-EQ,28913,,,,,
ECAPINSURE-EQ,29019,,,,,
ZUARI-EQ,29050,,,,,
DENTA-EQ,29256,,,,,
SURAKSHA-EQ,27334,,,,,
SAILIFE-EQ,27839,,,,,
RALLIS-EQ,2816,,,,,
IGIL-EQ,28378,,,,,
RAYMOND-EQ,2859,,,,,
SANATHAN-EQ,28805,,,,,
TVSHLTD-EQ,29008,,,,,
ORCHASP-EQ,29492,,,,,
BAJAJINDEF-EQ,29678,,,,,
UNIONGOLD-EQ,29687,,,,,
QPOWER-EQ,29711,,,,,
ORIENTELEC-EQ,2972,,,,,
NAZARA-EQ,2987,,,,,
JINDALSAW-EQ,3024,,,,,
AONELIQUID-EQ,30472,,,,,
COMPUSOFT-EQ,31138,,,,,
MCX-EQ,31181,,,,,
HONDAPOWER-EQ,3138,,,,,
NDL-EQ,31258,,,,,
SHREYANIND-EQ,3126,,,,,
BORORENEW-EQ,3149,,,,,
SIMPLEXINF-EQ,3162,,,,,
LYPSAGEMS-EQ,31468,,,,,
SPMLINFRA-EQ,3321,,,,,
SUNFLAG-EQ,3348,,,,,
SUNPHARMA-EQ,3351,,,,,
BALMLAWRIE-EQ,338,,,,,
TIL-EQ,3484,,,,,
SMLISUZU-EQ,3387,,,,,
VESUVIUS-EQ,3676,,,,,
IWEL-EQ,3776,,,,,
GREENPLY-EQ,3987,,,,,
HDFCAMC-EQ,4244,,,,,
HERITGFOOD-EQ,4598,,,,,
GAIL-EQ,4717,,,,,
INDRAMEDCO-EQ,4751,,,,,
DCMFINSERV-EQ,4775,,,,,
KIMS-EQ,4847,,,,,
ICEMAKE-EQ,489,,,,,
ENGINERSIN-EQ,4907,,,,,
SGIL-EQ,5114,,,,,
GRINFRA-EQ,5054,,,,,
ANTGRAPHIC-EQ,5194,,,,,
SHANTI-EQ,5650,,,,,
IGARASHI-EQ,634,,,,,
SIKKO-EQ,6218,,,,,
MANORG-EQ,6422,,,,,
KRITI-EQ,6417,,,,,
IVC-EQ,6711,,,,,
STEELCAS-EQ,6803,,,,,
LINC-EQ,6951,,,,,
MENONBE-EQ,6961,,,,,
BSOFT-EQ,6994,,,,,
SEJALLTD-EQ,7091,,,,,
ANANDRATHI-EQ,7145,,,,,
SBIETFQLTY-EQ,7218,,,,,
HCLTECH-EQ,7229,,,,,
MEDPLUS-EQ,7254,,,,,
HPAL-EQ,7376,,,,,
DABUR-EQ,772,,,,,
IMAGICAA-EQ,7672,,,,,
CROWN-EQ,8083,,,,,
BANKA-EQ,822,,,,,
PRITI-EQ,8304,,,,,
TVSMOTOR-EQ,8479,,,,,
VRLLOG-EQ,8696,,,,,
TNIDETF-EQ,8882,,,,,
RITCO-EQ,8944,,,,,
PIXTRANS-EQ,9087,,,,,
EICHERMOT-EQ,910,,,,,
TAJGVK-EQ,9354,,,,,
SUBEXLTD-EQ,967,,,,,
TRIDENT-EQ,9685,,,,,
ONEPOINT-EQ,9939,,,,,
AETHER-EQ,9810,,,,,
CEWATER-EQ,28764,,,,,
LAXMIDENTL-EQ,29171,,,,,
STALLION-EQ,29204,,,,,
VMART-EQ,29284,,,,,
GROWWRAIL-EQ,29527,,,,,
NIF100BEES-EQ,29577,,,,,
SANGHIIND-EQ,2997,,,,,
BSE500IETF-EQ,3001,,,,,
ABFRL-EQ,30108,,,,,
MID150-EQ,30469,,,,,
TIINDIA-EQ,312,,,,,
SCI-EQ,3048,,,,,
TRANSWORLD-EQ,3129,,,,,
NBCC-EQ,31415,,,,,
JPOLYINVST-EQ,31507,,,,,
ANGELONE-EQ,324,,,,,
ADOR-EQ,34,,,,,
TAINWALCHM-EQ,3396,,,,,
SWARAJENG-EQ,3384,,,,,
AJOONI-EQ,3403,,,,,
THOMASCOOK-EQ,3481,,,,,
TFCILTD-EQ,3466,,,,,
TIRUMALCHM-EQ,3496,,,,,
TNPETRO-EQ,3509,,,,,
AXISHCETF-EQ,3608,,,,,
VARDMNPOLY-EQ,3646,,,,,
NAM-INDIA-EQ,357,,,,,
WILLAMAGOR-EQ,3772,,,,,
VINEETLAB-EQ,3807,,,,,
WSTCSTPAPR-EQ,3799,,,,,
BEL-EQ,383,,,,,
NAVA-EQ,4014,,,,,
PARASPETRO-EQ,3972,,,,,
AUSOMENT-EQ,4037,,,,,
SUNDRMBRAK-EQ,4179,,,,,
WENDT-EQ,4235,,,,,
KOTHARIPET-EQ,4594,,,,,
BIRLACORPN-EQ,480,,,,,
LIQUIDIETF-EQ,4838,,,,,
MADRASFERT-EQ,4911,,,,,
HINDCON-EQ,4920,,,,,
SHARDACROP-EQ,4992,,,,,
SBIETFCON-EQ,5168,,,,,
MAHAPEXLTD-EQ,5239,,,,,
ALIVUS-EQ,5265,,,,,
INDUSINDBK-EQ,5258,,,,,
BPCL-EQ,526,,,,,
PRITIKAUTO-EQ,5292,,,,,
ASAHIINDIA-EQ,5378,,,,,
EXXARO-EQ,5352,,,,,
EPIGRAL-EQ,5382,,,,,
MOL-EQ,5394,,,,,
AAVAS-EQ,5385,,,,,
TRIGYN-EQ,5428,,,,,
RELINFRA-EQ,553,,,,,
INTLCONV-EQ,5606,,,,,
AMIORG-EQ,5578,,,,,
CYBERTECH-EQ,6051,,,,,
CENTENKA-EQ,619,,,,,
3IINFOLTD-EQ,6232,,,,,
ABREL-EQ,625,,,,,
TECH-EQ,6462,,,,,
GENUSPAPER-EQ,6600,,,,,
MOLDTKPAC-EQ,6713,,,,,
SJS-EQ,6643,,,,,
BAJAJHCARE-EQ,6863,,,,,
SMLT-EQ,6843,,,,,
JMA-EQ,7109,,,,,
SHALBY-EQ,714,,,,,
SUPRIYA-EQ,7390,,,,,
SHRIRAMPPS-EQ,7200,,,,,
MONQ50-EQ,7422,,,,,
HAVISHA-EQ,7457,,,,,
NRBBEARING-EQ,7553,,,,,
MONARCH-EQ,7679,,,,,
DALMIASUG-EQ,781,,,,,
AUTOBEES-EQ,7880,,,,,
RAMCOSYS-EQ,7851,,,,,
BYKE-EQ,7919,,,,,
MHLXMIRU-EQ,7886,,,,,
ZYDUSLIFE-EQ,7929,,,,,
CINEVISTA-EQ,8024,,,,,
MEGASTAR-EQ,8153,,,,,
BLUESTARCO-EQ,8311,,,,,
GSEC5IETF-EQ,8342,,,,,
LOWVOL1-EQ,8632,,,,,
VETO-EQ,8652,,,,,
MUKTAARTS-EQ,8687,,,,,
PNBGILTS-EQ,8736,,,,,
ARVINDFASN-EQ,9111,,,,,
SILVERTUC-EQ,9422,,,,,
ELGIEQUIP-EQ,937,,,,,
KHANDSE-EQ,9641,,,,,
ALANKIT-EQ,9921,,,,,
EBBETF0431-EQ,22239,,,,,
ALPL30IETF-EQ,22344,,,,,
LOVABLE-EQ,22415,,,,,
BANDHANBNK-EQ,2263,,,,,
RPTECH-EQ,22670,,,,,
VSTL-EQ,22730,,,,,
MUNJALSHOW-EQ,2307,,,,,
MOSMALL250-EQ,23181,,,,,
SMCGLOBAL-EQ,2320,,,,,
SINCLAIR-EQ,23480,,,,,
KRONOX-EQ,24025,,,,,
NEULANDLAB-EQ,2406,,,,,
DEEDEV-EQ,24154,,,,,
CONSUMBEES-EQ,2435,,,,,
RAILTEL-EQ,2431,,,,,
DHANUKA-EQ,24409,,,,,
AGIIL-EQ,24445,,,,,
OILIETF-EQ,24533,,,,,
SANSTAR-EQ,24582,,,,,
CEIGALL-EQ,24742,,,,,
GROWWEV-EQ,24798,,,,,
MULTICAP-EQ,25080,,,,,
TOP10ADD-EQ,25171,,,,,
XTGLOBAL-EQ,25235,,,,,
PANAMAPET-EQ,25392,,,,,
TRITURBINE-EQ,25584,,,,,
HUHTAMAKI-EQ,2562,,,,,
UYFINCORP-EQ,25626,,,,,
GROWWDEFNC-EQ,25758,,,,,
PEARLPOLY-EQ,2610,,,,,
POLYPLEX-EQ,2687,,,,,
RTNINDIA-EQ,27297,,,,,
AUTOAXLES-EQ,278,,,,,
LXCHEM-EQ,2841,,,,,
ARVEE-EQ,2814,,,,,
TRANSRAILL-EQ,28714,,,,,
RELIANCE-EQ,2885,,,,,
CARRARO-EQ,28879,,,,,
CONSUMER-EQ,28969,,,,,
INDUSTOWER-EQ,29135,,,,,
PROTEAN-EQ,29472,,,,,
SAKHTISUG-EQ,2969,,,,,
NIFTY100EW-EQ,29944,,,,,
ATULAUTO-EQ,30023,,,,,
MOCAPITAL-EQ,30065,,,,,
AXISTECETF-EQ,3010,,,,,
PRABHA-EQ,30134,,,,,
AXISVALUE-EQ,30155,,,,,
SAURASHCEM-EQ,3018,,,,,
BHARATSE-EQ,30244,,,,,
DBSTOCKBRO-EQ,31107,,,,,
SUPERSPIN-EQ,3357,,,,,
SUBROS-EQ,3324,,,,,
BBOX-EQ,3435,,,,,
TORNTPHARM-EQ,3518,,,,,
JUBLPHARMA-EQ,3637,,,,,
ROML-EQ,359,,,,,
FINEORG-EQ,3744,,,,,
WIPRO-EQ,3787,,,,,
KHAITANLTD-EQ,3912,,,,,
BEML-EQ,395,,,,,
ZUARIIND-EQ,3827,,,,,
PVP-EQ,4010,,,,,
BERGEPAINT-EQ,404,,,,,
SOMATEX-EQ,4201,,,,,
MOTHERSON-EQ,4204,,,,,
IFGLEXPOR-EQ,436,,,,,
AARTIDRUGS-EQ,4481,,,,,
HDFCLIFE-EQ,467,,,,,
SNOWMAN-EQ,4843,,,,,
BANKINDIA-EQ,4745,,,,,
INDSWFTLAB-EQ,4870,,,,,
PHARMABEES-EQ,4973,,,,,
IPL-EQ,4934,,,,,
MAZDOCK-EQ,509,,,,,
CLEAN-EQ,5049,,,,,
ICICIB22-EQ,522,,,,,
GMDCLTD-EQ,5204,,,,,
FMCGIETF-EQ,5306,,,,,
ROLEXRINGS-EQ,5279,,,,,
UTIAMC-EQ,527,,,,,
YUKEN-EQ,5501,,,,,
ABMINTLLTD-EQ,5549,,,,,
AXISCETF-EQ,5732,,,,,
GANESHBE-EQ,5614,,,,,
SANSERA-EQ,5751,,,,,
COASTCORP-EQ,6006,,,,,
ABSLAMC-EQ,6018,,,,,
EIFFL-EQ,6040,,,,,
FCL-EQ,6198,,,,,
CAMLINFINE-EQ,6216,,,,,
CONSUMIETF-EQ,6446,,,,,
FINOPB-EQ,6579,,,,,
GRPLTD-EQ,6543,,,,,
GREENLAM-EQ,6848,,,,,
NIPPOBATRY-EQ,6782,,,,,
CIPLA-EQ,694,,,,,
VISHNU-EQ,6908,,,,,
BBETF0432-EQ,7196,,,,,
ACCELYA-EQ,7053,,,,,
SBIETFPB-EQ,722,,,,,
MANAKALUCO-EQ,7420,,,,,
QUADFUTURE-EQ,29087,,,,,
SUPREME-EQ,29439,,,,,
NEXT30ADD-EQ,29464,,,,,
NIBL-EQ,29733,,,,,
KOHINOOR-EQ,3009,,,,,
WONDERLA-EQ,3002,,,,,
GOLD360-EQ,30105,,,,,
SDL26BEES-EQ,3022,,,,,
SESHAPAPER-EQ,3066,,,,,
RHIM-EQ,31163,,,,,
SIEMENS-EQ,3150,,,,,
MODISONLTD-EQ,3316,,,,,
SURYAROSNI-EQ,3375,,,,,
TATAMOTORS-EQ,3456,,,,,
BALRAMCHIN-EQ,341,,,,,
BANARISUG-EQ,350,,,,,
VINDHYATEL-EQ,3694,,,,,
WEIZMANIND-EQ,3748,,,,,
CAPLIPOINT-EQ,3906,,,,,
GOCLCORP-EQ,3963,,,,,
ZODIACLOTH-EQ,3821,,,,,
REMSONSIND-EQ,3965,,,,,
21STCENMGM-EQ,4,,,,,
SANGAMIND-EQ,4184,,,,,
BIOFILCHEM-EQ,4136,,,,,
STERTOOLS-EQ,4299,,,,,
MIRZAINT-EQ,4394,,,,,
MPHASIS-EQ,4503,,,,,
CREDITACC-EQ,4421,,,,,
RAMCOIND-EQ,4587,,,,,
SKMEGGPROD-EQ,4732,,,,,
DODLA-EQ,4822,,,,,
BFSI-EQ,5220,,,,,
PDSL-EQ,5264,,,,,
VIJAYA-EQ,5585,,,,,
SOUTHBANK-EQ,5948,,,,,
BSLSENETFG-EQ,5957,,,,,
BHAGCHEM-EQ,6164,,,,,
ARTNIRMAN-EQ,6156,,,,,
DTIL-EQ,6227,,,,,
EQUAL50ADD-EQ,6606,,,,,
SBC-EQ,6792,,,,,
DMCC-EQ,6973,,,,,
HESTERBIO-EQ,7048,,,,,
HEUBACHIND-EQ,715,,,,,
MAPMYINDIA-EQ,7227,,,,,
NIFTY50ADD-EQ,7451,,,,,
TREJHARA-EQ,7518,,,,,
CGPOWER-EQ,760,,,,,
CRISIL-EQ,757,,,,,
SILVERBEES-EQ,8080,,,,,
FIBERWEB-EQ,8159,,,,,
SAGARDEEP-EQ,8175,,,,,
DEEPAKFERT-EQ,827,,,,,
MID150BEES-EQ,8506,,,,,
NLCINDIA-EQ,8585,,,,,
VCL-EQ,9020,,,,,
HARIOMPIPE-EQ,8968,,,,,
ROTO-EQ,9049,,,,,
UFO-EQ,9039,,,,,
BALAJITELE-EQ,9158,,,,,
ELECTCAST-EQ,928,,,,,
PGHL-EQ,940,,,,,
CAMPUS-EQ,9362,,,,,
RVNL-EQ,9552,,,,,
POLYCAB-EQ,9590,,,,,
RELCHEMQ-EQ,9652,,,,,
EMUDHRA-EQ,9756,,,,,
GOLDTECH-EQ,9874,,,,,
SILVER360-EQ,756150,,,,,
UNITEDPOLY-EQ,7560,,,,,
MIDCAP-EQ,8077,,,,,
DCM-EQ,805,,,,,
GRWRHITECH-EQ,7982,,,,,
BLBLIMITED-EQ,8132,,,,,
SPENCERS-EQ,8163,,,,,
SHAILY-EQ,8727,,,,,
CHOICEIN-EQ,8866,,,,,
UMIYA-MRO-EQ,8998,,,,,
AGROPHOS-EQ,9046,,,,,
PNCINFRA-EQ,9385,,,,,
SAKAR-EQ,9539,,,,,
ESABINDIA-EQ,955,,,,,
ETHOSLTD-EQ,9750,,,,,
PARADEEP-EQ,9741,,,,,
CHEVIOT-EQ,9879,,,,,
VIKASLIFE-EQ,9931,,,,,
MOSCHIP-EQ,29459,,,,,
NIBE-EQ,29487,,,,,
KALYANKJIL-EQ,2955,,,,,
SURYODAY-EQ,2970,,,,,
ISHANCH-EQ,30249,,,,,
SILVERCASE-EQ,30274,,,,,
SBIN-EQ,3045,,,,,
BAJAJHIND-EQ,308,,,,,
INDOSTAR-EQ,3088,,,,,
GILT5YBEES-EQ,3172,,,,,
SKFINDIA-EQ,3186,,,,,
ISGEC-EQ,3329,,,,,
SRF-EQ,3273,,,,,
SUNDARMFIN-EQ,3339,,,,,
TATACHEM-EQ,3405,,,,,
MAFANG-EQ,3507,,,,,
HEALTHIETF-EQ,3626,,,,,
RITES-EQ,3761,,,,,
TOKYOPLAST-EQ,3837,,,,,
ANMOL-EQ,3727,,,,,
VARROC-EQ,3857,,,,,
MAHLOG-EQ,385,,,,,
TNPL-EQ,3980,,,,,
NIACL-EQ,399,,,,,
ZENITHEXPO-EQ,4176,,,,,
REGENCERAM-EQ,4130,,,,,
BHARATFORG-EQ,422,,,,,
SENSEXIETF-EQ,4378,,,,,
BHARATGEAR-EQ,426,,,,,
SHRIRAMFIN-EQ,4306,,,,,
SBCL-EQ,4656,,,,,
SHYAMMETL-EQ,4693,,,,,
KCPSUGIND-EQ,4809,,,,,
GANGAFORGE-EQ,4957,,,,,
CIGNITITEC-EQ,5142,,,,,
BPL-EQ,530,,,,,
WINDLAS-EQ,5366,,,,,
CYIENT-EQ,5748,,,,,
GULPOLY-EQ,6286,,,,,
TECHNOE-EQ,6445,,,,,
SAPPHIRE-EQ,6718,,,,,
SIGACHI-EQ,6663,,,,,
ZODIAC-EQ,7129,,,,,
STAR-EQ,7374,,,,,
HECPROJECT-EQ,7425,,,,,
GLENMARK-EQ,7406,,,,,
MIDQ50ADD-EQ,7456,,,,,
WOCKPHARMA-EQ,7506,,,,,
ZENTEC-EQ,7508,,,,,
TINNARUBR-EQ,756020,,,,,
WAAREERTL-EQ,756038,,,,,
AUTOIETF-EQ,7844,,,,,
MAKEINDIA-EQ,7979,,,,,
KTKBANK-EQ,8054,,,,,
MOMOMENTUM-EQ,8182,,,,,
DCMSHRIRAM-EQ,811,,,,,
AJANTPHARM-EQ,8124,,,,,
MIDCAPETF-EQ,8413,,,,,
XELPMOC-EQ,8477,,,,,
GATEWAY-EQ,8510,,,,,
AKSHOPTFBR-EQ,8591,,,,,
MSUMI-EQ,8596,,,,,
OBCL-EQ,8797,,,,,
SONAMLTD-EQ,8806,,,,,
USHAMART-EQ,8840,,,,,
ELDEHSG-EQ,8953,,,,,
E2E-EQ,8937,,,,,
INDOAMIN-EQ,9116,,,,,
STARTECK-EQ,9305,,,,,
RAINBOW-EQ,9408,,,,,
DPABHUSHAN-EQ,936,,,,,
LICI-EQ,9480,,,,,
VENUSPIPES-EQ,9592,,,,,
METROPOLIS-EQ,9581,,,,,
SMARTLINK-EQ,9889,,,,,
BCONCEPTS-EQ,7780,,,,,
WEL-EQ,7835,,,,,
SHIVATEX-EQ,804,,,,,
MAHLIFE-EQ,8050,,,,,
MANYAVAR-EQ,8167,,,,,
DEVIT-EQ,8146,,,,,
MITCON-EQ,8469,,,,,
DHAMPURSUG-EQ,857,,,,,
UTISXN50-EQ,9168,,,,,
EQUITASBNK-EQ,913,,,,,
TPLPLASTEH-EQ,9219,,,,,
STLTECH-EQ,9309,,,,,
IOB-EQ,9348,,,,,
SKIPPER-EQ,9428,,,,,
ESCORTS-EQ,958,,,,,
HIKAL-EQ,9668,,,,,
SOUTHWEST-EQ,9678,,,,,
